DATE,OPEN,HIGH,LOW,CLOSE,VOLUME
20210909,0.1000,0.1000,0.1000,0.1000,0
20210910,0.1000,0.1000,0.1000,0.1000,0
20210913,0.1000,0.1000,0.1000,0.1000,0
20210914,0.1000,0.1000,0.1000,0.1000,0
20210915,0.1000,0.1000,0.1000,0.1000,0
20210917,0.1000,0.1000,0.1000,0.1000,0
20210920,0.1000,0.1000,0.1000,0.1000,0
20210921,0.1000,0.1000,0.1000,0.1000,0
20210922,0.1000,0.1000,0.1000,0.1000,0
20210923,0.1000,0.1000,0.1000,0.1000,0
20210924,0.1000,0.1000,0.1000,0.1000,0
20210927,0.1000,0.1000,0.1000,0.1000,0
20210928,0.1000,0.1000,0.1000,0.1000,0
20210929,0.1000,0.1000,0.1000,0.1000,0
20210930,0.1000,0.1000,0.1000,0.1000,0
20211001,0.1000,0.1000,0.1000,0.1000,0
20211004,0.1000,0.1000,0.1000,0.1000,0
20211005,0.1000,0.1000,0.1000,0.1000,0
20211006,0.1000,0.1000,0.1000,0.1000,0
20211007,0.1000,0.1000,0.1000,0.1000,0
20211008,0.1000,0.1000,0.1000,0.1000,0
20211011,0.1000,0.1000,0.1000,0.1000,0
20211012,0.1000,0.1000,0.1000,0.1000,0
20211013,0.1000,0.1000,0.1000,0.1000,0
20211014,0.1000,0.1000,0.1000,0.1000,0
20211015,0.1000,0.1000,0.1000,0.1000,0
20211018,0.1000,0.1000,0.1000,0.1000,0
20211019,0.1000,0.1000,0.1000,0.1000,0
20211020,0.1000,0.1000,0.1000,0.1000,0
20211021,0.1000,0.1000,0.1000,0.1000,0
20211022,0.1000,0.1000,0.1000,0.1000,0
20211025,0.1000,0.1000,0.1000,0.1000,0
20211026,0.1000,0.1000,0.1000,0.1000,0
20211027,0.1000,0.1000,0.1000,0.1000,0
20211028,0.1000,0.1000,0.1000,0.1000,0
20211029,0.1000,0.1000,0.1000,0.1000,0
20211101,0.1000,0.1000,0.1000,0.1000,0
20211102,0.1000,0.1000,0.1000,0.1000,0
20211103,0.1000,0.1000,0.1000,0.1000,0
20211104,0.1000,0.1000,0.1000,0.1000,0
20211105,0.1000,0.1000,0.1000,0.1000,0
20211108,0.1000,0.1000,0.1000,0.1000,0
20211109,0.1000,0.1000,0.1000,0.1000,0
20211110,0.1000,0.1000,0.1000,0.1000,0
20211111,0.1000,0.1000,0.1000,0.1000,0
20211112,0.1000,0.1000,0.1000,0.1000,0
20211115,0.1000,0.1000,0.1000,0.1000,0
20211116,0.1000,0.1000,0.1000,0.1000,0
20211117,0.1000,0.1000,0.1000,0.1000,0
20211118,0.1000,0.1000,0.1000,0.1000,0
20211119,0.1000,0.1000,0.1000,0.1000,0
20211122,0.1000,0.1000,0.1000,0.1000,0
20211123,0.1000,0.1000,0.1000,0.1000,0
20211124,0.1000,0.1000,0.1000,0.1000,0
20211125,0.1000,0.1000,0.1000,0.1000,0
20211126,0.1000,0.1000,0.1000,0.1000,0
20211129,0.1000,0.1000,0.1000,0.1000,0
20211130,0.1000,0.1000,0.1000,0.1000,0
20211201,0.1000,0.1000,0.1000,0.1000,0
20211202,0.1000,0.1000,0.1000,0.1000,0
20211203,0.1000,0.1000,0.1000,0.1000,0
20211206,0.1000,0.1000,0.1000,0.1000,0
20211207,0.1000,0.1000,0.1000,0.1000,0
20211208,0.1000,0.1000,0.1000,0.1000,0
20211209,0.1000,0.1000,0.1000,0.1000,0
20211210,0.1000,0.1000,0.1000,0.1000,0
20211213,0.1000,0.1000,0.1000,0.1000,0
20211214,0.1000,0.1000,0.1000,0.1000,0
20211215,0.1000,0.1000,0.1000,0.1000,0
20211216,0.2500,0.2500,0.2500,0.2500,0
20211217,0.2500,0.2500,0.2500,0.2500,0
20211220,0.2500,0.2500,0.2500,0.2500,0
20211221,0.2500,0.2500,0.2500,0.2500,0
20211222,0.2500,0.2500,0.2500,0.2500,0
20211223,0.2500,0.2500,0.2500,0.2500,0
20211224,0.2500,0.2500,0.2500,0.2500,0
20211229,0.2500,0.2500,0.2500,0.2500,0
20211230,0.2500,0.2500,0.2500,0.2500,0
20211231,0.2500,0.2500,0.2500,0.2500,0
20220104,0.2500,0.2500,0.2500,0.2500,0
20220105,0.2500,0.2500,0.2500,0.2500,0
20220106,0.2500,0.2500,0.2500,0.2500,0
20220107,0.2500,0.2500,0.2500,0.2500,0
20220110,0.2500,0.2500,0.2500,0.2500,0
20220111,0.2500,0.2500,0.2500,0.2500,0
20220112,0.2500,0.2500,0.2500,0.2500,0
20220113,0.2500,0.2500,0.2500,0.2500,0
20220114,0.2500,0.2500,0.2500,0.2500,0
20220117,0.2500,0.2500,0.2500,0.2500,0
20220118,0.2500,0.2500,0.2500,0.2500,0
20220119,0.2500,0.2500,0.2500,0.2500,0
20220120,0.2500,0.2500,0.2500,0.2500,0
20220121,0.2500,0.2500,0.2500,0.2500,0
20220124,0.2500,0.2500,0.2500,0.2500,0
20220125,0.2500,0.2500,0.2500,0.2500,0
20220126,0.2500,0.2500,0.2500,0.2500,0
20220127,0.2500,0.2500,0.2500,0.2500,0
20220128,0.2500,0.2500,0.2500,0.2500,0
20220131,0.2500,0.2500,0.2500,0.2500,0
20220201,0.2500,0.2500,0.2500,0.2500,0
20220202,0.2500,0.2500,0.2500,0.2500,0
20220203,0.5000,0.5000,0.5000,0.5000,0
20220204,0.5000,0.5000,0.5000,0.5000,0
20220207,0.5000,0.5000,0.5000,0.5000,0
20220208,0.5000,0.5000,0.5000,0.5000,0
20220209,0.5000,0.5000,0.5000,0.5000,0
20220210,0.5000,0.5000,0.5000,0.5000,0
20220211,0.5000,0.5000,0.5000,0.5000,0
20220214,0.5000,0.5000,0.5000,0.5000,0
20220215,0.5000,0.5000,0.5000,0.5000,0
20220216,0.5000,0.5000,0.5000,0.5000,0
20220217,0.5000,0.5000,0.5000,0.5000,0
20220218,0.5000,0.5000,0.5000,0.5000,0
20220221,0.5000,0.5000,0.5000,0.5000,0
20220222,0.5000,0.5000,0.5000,0.5000,0
20220223,0.5000,0.5000,0.5000,0.5000,0
20220224,0.5000,0.5000,0.5000,0.5000,0
20220225,0.5000,0.5000,0.5000,0.5000,0
20220228,0.5000,0.5000,0.5000,0.5000,0
20220301,0.5000,0.5000,0.5000,0.5000,0
20220302,0.5000,0.5000,0.5000,0.5000,0
20220303,0.5000,0.5000,0.5000,0.5000,0
20220304,0.5000,0.5000,0.5000,0.5000,0
20220307,0.5000,0.5000,0.5000,0.5000,0
20220308,0.5000,0.5000,0.5000,0.5000,0
20220309,0.5000,0.5000,0.5000,0.5000,0
20220310,0.5000,0.5000,0.5000,0.5000,0
20220311,0.5000,0.5000,0.5000,0.5000,0
20220314,0.5000,0.5000,0.5000,0.5000,0
20220315,0.5000,0.5000,0.5000,0.5000,0
20220316,0.5000,0.5000,0.5000,0.5000,0
20220317,0.7500,0.7500,0.7500,0.7500,0
20220318,0.7500,0.7500,0.7500,0.7500,0
20220321,0.7500,0.7500,0.7500,0.7500,0
20220322,0.7500,0.7500,0.7500,0.7500,0
20220323,0.7500,0.7500,0.7500,0.7500,0
20220324,0.7500,0.7500,0.7500,0.7500,0
20220325,0.7500,0.7500,0.7500,0.7500,0
20220328,0.7500,0.7500,0.7500,0.7500,0
20220329,0.7500,0.7500,0.7500,0.7500,0
20220330,0.7500,0.7500,0.7500,0.7500,0
20220331,0.7500,0.7500,0.7500,0.7500,0
20220401,0.7500,0.7500,0.7500,0.7500,0
20220404,0.7500,0.7500,0.7500,0.7500,0
20220405,0.7500,0.7500,0.7500,0.7500,0
20220406,0.7500,0.7500,0.7500,0.7500,0
20220407,0.7500,0.7500,0.7500,0.7500,0
20220408,0.7500,0.7500,0.7500,0.7500,0
20220411,0.7500,0.7500,0.7500,0.7500,0
20220412,0.7500,0.7500,0.7500,0.7500,0
20220413,0.7500,0.7500,0.7500,0.7500,0
20220414,0.7500,0.7500,0.7500,0.7500,0
20220419,0.7500,0.7500,0.7500,0.7500,0
20220420,0.7500,0.7500,0.7500,0.7500,0
20220421,0.7500,0.7500,0.7500,0.7500,0
20220422,0.7500,0.7500,0.7500,0.7500,0
20220425,0.7500,0.7500,0.7500,0.7500,0
20220426,0.7500,0.7500,0.7500,0.7500,0
20220427,0.7500,0.7500,0.7500,0.7500,0
20220428,0.7500,0.7500,0.7500,0.7500,0
20220429,0.7500,0.7500,0.7500,0.7500,0
20220503,0.7500,0.7500,0.7500,0.7500,0
20220504,0.7500,0.7500,0.7500,0.7500,0
20220505,1.0000,1.0000,1.0000,1.0000,0
20220506,1.0000,1.0000,1.0000,1.0000,0
20220509,1.0000,1.0000,1.0000,1.0000,0
20220510,1.0000,1.0000,1.0000,1.0000,0
20220511,1.0000,1.0000,1.0000,1.0000,0
20220512,1.0000,1.0000,1.0000,1.0000,0
20220513,1.0000,1.0000,1.0000,1.0000,0
20220516,1.0000,1.0000,1.0000,1.0000,0
20220517,1.0000,1.0000,1.0000,1.0000,0
20220518,1.0000,1.0000,1.0000,1.0000,0
20220519,1.0000,1.0000,1.0000,1.0000,0
20220520,1.0000,1.0000,1.0000,1.0000,0
20220523,1.0000,1.0000,1.0000,1.0000,0
20220524,1.0000,1.0000,1.0000,1.0000,0
20220525,1.0000,1.0000,1.0000,1.0000,0
20220526,1.0000,1.0000,1.0000,1.0000,0
20220527,1.0000,1.0000,1.0000,1.0000,0
20220530,1.0000,1.0000,1.0000,1.0000,0
20220531,1.0000,1.0000,1.0000,1.0000,0
20220601,1.0000,1.0000,1.0000,1.0000,0
20220606,1.0000,1.0000,1.0000,1.0000,0
20220607,1.0000,1.0000,1.0000,1.0000,0
20220608,1.0000,1.0000,1.0000,1.0000,0
20220609,1.0000,1.0000,1.0000,1.0000,0
20220610,1.0000,1.0000,1.0000,1.0000,0
20220613,1.0000,1.0000,1.0000,1.0000,0
20220614,1.0000,1.0000,1.0000,1.0000,0
20220615,1.0000,1.0000,1.0000,1.0000,0
20220616,1.2500,1.2500,1.2500,1.2500,0
20220617,1.2500,1.2500,1.2500,1.2500,0
20220620,1.2500,1.2500,1.2500,1.2500,0
20220621,1.2500,1.2500,1.2500,1.2500,0
20220622,1.2500,1.2500,1.2500,1.2500,0
20220623,1.2500,1.2500,1.2500,1.2500,0
20220624,1.2500,1.2500,1.2500,1.2500,0
20220627,1.2500,1.2500,1.2500,1.2500,0
20220628,1.2500,1.2500,1.2500,1.2500,0
20220629,1.2500,1.2500,1.2500,1.2500,0
20220630,1.2500,1.2500,1.2500,1.2500,0
20220701,1.2500,1.2500,1.2500,1.2500,0
20220704,1.2500,1.2500,1.2500,1.2500,0
20220705,1.2500,1.2500,1.2500,1.2500,0
20220706,1.2500,1.2500,1.2500,1.2500,0
20220707,1.2500,1.2500,1.2500,1.2500,0
20220708,1.2500,1.2500,1.2500,1.2500,0
20220711,1.2500,1.2500,1.2500,1.2500,0
20220712,1.2500,1.2500,1.2500,1.2500,0
20220713,1.2500,1.2500,1.2500,1.2500,0
20220714,1.2500,1.2500,1.2500,1.2500,0
20220715,1.2500,1.2500,1.2500,1.2500,0
20220718,1.2500,1.2500,1.2500,1.2500,0
20220719,1.2500,1.2500,1.2500,1.2500,0
20220720,1.2500,1.2500,1.2500,1.2500,0
20220721,1.2500,1.2500,1.2500,1.2500,0
20220722,1.2500,1.2500,1.2500,1.2500,0
20220725,1.2500,1.2500,1.2500,1.2500,0
20220726,1.2500,1.2500,1.2500,1.2500,0
20220727,1.2500,1.2500,1.2500,1.2500,0
20220728,1.2500,1.2500,1.2500,1.2500,0
20220729,1.2500,1.2500,1.2500,1.2500,0
20220801,1.2500,1.2500,1.2500,1.2500,0
20220802,1.2500,1.2500,1.2500,1.2500,0
20220803,1.2500,1.2500,1.2500,1.2500,0
20220804,1.7500,1.7500,1.7500,1.7500,0
20220805,1.7500,1.7500,1.7500,1.7500,0
20220808,1.7500,1.7500,1.7500,1.7500,0
20220809,1.7500,1.7500,1.7500,1.7500,0
20220810,1.7500,1.7500,1.7500,1.7500,0
20220811,1.7500,1.7500,1.7500,1.7500,0
20220812,1.7500,1.7500,1.7500,1.7500,0
20220815,1.7500,1.7500,1.7500,1.7500,0
20220816,1.7500,1.7500,1.7500,1.7500,0
20220817,1.7500,1.7500,1.7500,1.7500,0
20220818,1.7500,1.7500,1.7500,1.7500,0
20220819,1.7500,1.7500,1.7500,1.7500,0
20220822,1.7500,1.7500,1.7500,1.7500,0
20220823,1.7500,1.7500,1.7500,1.7500,0
20220824,1.7500,1.7500,1.7500,1.7500,0
20220825,1.7500,1.7500,1.7500,1.7500,0
20220826,1.7500,1.7500,1.7500,1.7500,0
20220830,1.7500,1.7500,1.7500,1.7500,0
20220831,1.7500,1.7500,1.7500,1.7500,0
20220901,1.7500,1.7500,1.7500,1.7500,0
20220902,1.7500,1.7500,1.7500,1.7500,0
20220905,1.7500,1.7500,1.7500,1.7500,0
20220906,1.7500,1.7500,1.7500,1.7500,0
20220907,1.7500,1.7500,1.7500,1.7500,0
20220908,1.7500,1.7500,1.7500,1.7500,0
20220909,1.7500,1.7500,1.7500,1.7500,0
20220912,1.7500,1.7500,1.7500,1.7500,0
20220913,1.7500,1.7500,1.7500,1.7500,0
20220914,1.7500,1.7500,1.7500,1.7500,0
20220915,1.7500,1.7500,1.7500,1.7500,0
20220916,1.7500,1.7500,1.7500,1.7500,0
20220920,1.7500,1.7500,1.7500,1.7500,0
20220921,1.7500,1.7500,1.7500,1.7500,0
20220922,2.2500,2.2500,2.2500,2.2500,0
20220923,2.2500,2.2500,2.2500,2.2500,0
20220926,2.2500,2.2500,2.2500,2.2500,0
20220927,2.2500,2.2500,2.2500,2.2500,0
20220928,2.2500,2.2500,2.2500,2.2500,0
20220929,2.2500,2.2500,2.2500,2.2500,0
20220930,2.2500,2.2500,2.2500,2.2500,0
20221003,2.2500,2.2500,2.2500,2.2500,0
20221004,2.2500,2.2500,2.2500,2.2500,0
20221005,2.2500,2.2500,2.2500,2.2500,0
20221006,2.2500,2.2500,2.2500,2.2500,0
20221007,2.2500,2.2500,2.2500,2.2500,0
20221010,2.2500,2.2500,2.2500,2.2500,0
20221011,2.2500,2.2500,2.2500,2.2500,0
20221012,2.2500,2.2500,2.2500,2.2500,0
20221013,2.2500,2.2500,2.2500,2.2500,0
20221014,2.2500,2.2500,2.2500,2.2500,0
20221017,2.2500,2.2500,2.2500,2.2500,0
20221018,2.2500,2.2500,2.2500,2.2500,0
20221019,2.2500,2.2500,2.2500,2.2500,0
20221020,2.2500,2.2500,2.2500,2.2500,0
20221021,2.2500,2.2500,2.2500,2.2500,0
20221024,2.2500,2.2500,2.2500,2.2500,0
20221025,2.2500,2.2500,2.2500,2.2500,0
20221026,2.2500,2.2500,2.2500,2.2500,0
20221027,2.2500,2.2500,2.2500,2.2500,0
20221028,2.2500,2.2500,2.2500,2.2500,0
20221031,2.2500,2.2500,2.2500,2.2500,0
20221101,2.2500,2.2500,2.2500,2.2500,0
20221102,2.2500,2.2500,2.2500,2.2500,0
20221103,3.0000,3.0000,3.0000,3.0000,0
20221104,3.0000,3.0000,3.0000,3.0000,0
20221107,3.0000,3.0000,3.0000,3.0000,0
20221108,3.0000,3.0000,3.0000,3.0000,0
20221109,3.0000,3.0000,3.0000,3.0000,0
20221110,3.0000,3.0000,3.0000,3.0000,0
20221111,3.0000,3.0000,3.0000,3.0000,0
20221114,3.0000,3.0000,3.0000,3.0000,0
20221115,3.0000,3.0000,3.0000,3.0000,0
20221116,3.0000,3.0000,3.0000,3.0000,0
20221117,3.0000,3.0000,3.0000,3.0000,0
20221118,3.0000,3.0000,3.0000,3.0000,0
20221121,3.0000,3.0000,3.0000,3.0000,0
20221122,3.0000,3.0000,3.0000,3.0000,0
20221123,3.0000,3.0000,3.0000,3.0000,0
20221124,3.0000,3.0000,3.0000,3.0000,0
20221125,3.0000,3.0000,3.0000,3.0000,0
20221128,3.0000,3.0000,3.0000,3.0000,0
20221129,3.0000,3.0000,3.0000,3.0000,0
20221130,3.0000,3.0000,3.0000,3.0000,0
20221201,3.0000,3.0000,3.0000,3.0000,0
20221202,3.0000,3.0000,3.0000,3.0000,0
20221205,3.0000,3.0000,3.0000,3.0000,0
20221206,3.0000,3.0000,3.0000,3.0000,0
20221207,3.0000,3.0000,3.0000,3.0000,0
20221208,3.0000,3.0000,3.0000,3.0000,0
20221209,3.0000,3.0000,3.0000,3.0000,0
20221212,3.0000,3.0000,3.0000,3.0000,0
20221213,3.0000,3.0000,3.0000,3.0000,0
20221214,3.0000,3.0000,3.0000,3.0000,0
20221215,3.5000,3.5000,3.5000,3.5000,0
20221216,3.5000,3.5000,3.5000,3.5000,0
20221219,3.5000,3.5000,3.5000,3.5000,0
20221220,3.5000,3.5000,3.5000,3.5000,0
20221221,3.5000,3.5000,3.5000,3.5000,0
20221222,3.5000,3.5000,3.5000,3.5000,0
20221223,3.5000,3.5000,3.5000,3.5000,0
20221228,3.5000,3.5000,3.5000,3.5000,0
20221229,3.5000,3.5000,3.5000,3.5000,0
20221230,3.5000,3.5000,3.5000,3.5000,0
20230103,3.5000,3.5000,3.5000,3.5000,0
20230104,3.5000,3.5000,3.5000,3.5000,0
20230105,3.5000,3.5000,3.5000,3.5000,0
20230106,3.5000,3.5000,3.5000,3.5000,0
20230109,3.5000,3.5000,3.5000,3.5000,0
20230110,3.5000,3.5000,3.5000,3.5000,0
20230111,3.5000,3.5000,3.5000,3.5000,0
20230112,3.5000,3.5000,3.5000,3.5000,0
20230113,3.5000,3.5000,3.5000,3.5000,0
20230116,3.5000,3.5000,3.5000,3.5000,0
20230117,3.5000,3.5000,3.5000,3.5000,0
20230118,3.5000,3.5000,3.5000,3.5000,0
20230119,3.5000,3.5000,3.5000,3.5000,0
20230120,3.5000,3.5000,3.5000,3.5000,0
20230123,3.5000,3.5000,3.5000,3.5000,0
20230124,3.5000,3.5000,3.5000,3.5000,0
20230125,3.5000,3.5000,3.5000,3.5000,0
20230126,3.5000,3.5000,3.5000,3.5000,0
20230127,3.5000,3.5000,3.5000,3.5000,0
20230130,3.5000,3.5000,3.5000,3.5000,0
20230131,3.5000,3.5000,3.5000,3.5000,0
20230201,3.5000,3.5000,3.5000,3.5000,0
20230202,4.0000,4.0000,4.0000,4.0000,0
20230203,4.0000,4.0000,4.0000,4.0000,0
20230206,4.0000,4.0000,4.0000,4.0000,0
20230207,4.0000,4.0000,4.0000,4.0000,0
20230208,4.0000,4.0000,4.0000,4.0000,0
20230209,4.0000,4.0000,4.0000,4.0000,0
20230210,4.0000,4.0000,4.0000,4.0000,0
20230213,4.0000,4.0000,4.0000,4.0000,0
20230214,4.0000,4.0000,4.0000,4.0000,0
20230215,4.0000,4.0000,4.0000,4.0000,0
20230216,4.0000,4.0000,4.0000,4.0000,0
20230217,4.0000,4.0000,4.0000,4.0000,0
20230220,4.0000,4.0000,4.0000,4.0000,0
20230221,4.0000,4.0000,4.0000,4.0000,0
20230222,4.0000,4.0000,4.0000,4.0000,0
20230223,4.0000,4.0000,4.0000,4.0000,0
20230224,4.0000,4.0000,4.0000,4.0000,0
20230227,4.0000,4.0000,4.0000,4.0000,0
20230228,4.0000,4.0000,4.0000,4.0000,0
20230301,4.0000,4.0000,4.0000,4.0000,0
20230302,4.0000,4.0000,4.0000,4.0000,0
20230303,4.0000,4.0000,4.0000,4.0000,0
20230306,4.0000,4.0000,4.0000,4.0000,0
20230307,4.0000,4.0000,4.0000,4.0000,0
20230308,4.0000,4.0000,4.0000,4.0000,0
20230309,4.0000,4.0000,4.0000,4.0000,0
20230310,4.0000,4.0000,4.0000,4.0000,0
20230313,4.0000,4.0000,4.0000,4.0000,0
20230314,4.0000,4.0000,4.0000,4.0000,0
20230315,4.0000,4.0000,4.0000,4.0000,0
20230316,4.0000,4.0000,4.0000,4.0000,0
20230317,4.0000,4.0000,4.0000,4.0000,0
20230320,4.0000,4.0000,4.0000,4.0000,0
20230321,4.0000,4.0000,4.0000,4.0000,0
20230322,4.0000,4.0000,4.0000,4.0000,0
20230323,4.2500,4.2500,4.2500,4.2500,0
20230324,4.2500,4.2500,4.2500,4.2500,0
20230327,4.2500,4.2500,4.2500,4.2500,0
20230328,4.2500,4.2500,4.2500,4.2500,0
20230329,4.2500,4.2500,4.2500,4.2500,0
20230330,4.2500,4.2500,4.2500,4.2500,0
20230331,4.2500,4.2500,4.2500,4.2500,0
20230403,4.2500,4.2500,4.2500,4.2500,0
20230404,4.2500,4.2500,4.2500,4.2500,0
20230405,4.2500,4.2500,4.2500,4.2500,0
20230406,4.2500,4.2500,4.2500,4.2500,0
20230411,4.2500,4.2500,4.2500,4.2500,0
20230412,4.2500,4.2500,4.2500,4.2500,0
20230413,4.2500,4.2500,4.2500,4.2500,0
20230414,4.2500,4.2500,4.2500,4.2500,0
20230417,4.2500,4.2500,4.2500,4.2500,0
20230418,4.2500,4.2500,4.2500,4.2500,0
20230419,4.2500,4.2500,4.2500,4.2500,0
20230420,4.2500,4.2500,4.2500,4.2500,0
20230421,4.2500,4.2500,4.2500,4.2500,0
20230424,4.2500,4.2500,4.2500,4.2500,0
20230425,4.2500,4.2500,4.2500,4.2500,0
20230426,4.2500,4.2500,4.2500,4.2500,0
20230427,4.2500,4.2500,4.2500,4.2500,0
20230428,4.2500,4.2500,4.2500,4.2500,0
20230502,4.2500,4.2500,4.2500,4.2500,0
20230503,4.2500,4.2500,4.2500,4.2500,0
20230504,4.2500,4.2500,4.2500,4.2500,0
20230505,4.2500,4.2500,4.2500,4.2500,0
20230509,4.2500,4.2500,4.2500,4.2500,0
20230510,4.2500,4.2500,4.2500,4.2500,0
20230511,4.5000,4.5000,4.5000,4.5000,0
20230512,4.5000,4.5000,4.5000,4.5000,0
20230515,4.5000,4.5000,4.5000,4.5000,0
20230516,4.5000,4.5000,4.5000,4.5000,0
20230517,4.5000,4.5000,4.5000,4.5000,0
20230518,4.5000,4.5000,4.5000,4.5000,0
20230519,4.5000,4.5000,4.5000,4.5000,0
20230522,4.5000,4.5000,4.5000,4.5000,0
20230523,4.5000,4.5000,4.5000,4.5000,0
20230524,4.5000,4.5000,4.5000,4.5000,0
20230525,4.5000,4.5000,4.5000,4.5000,0
20230526,4.5000,4.5000,4.5000,4.5000,0
20230530,4.5000,4.5000,4.5000,4.5000,0
20230531,4.5000,4.5000,4.5000,4.5000,0
20230601,4.5000,4.5000,4.5000,4.5000,0
20230602,4.5000,4.5000,4.5000,4.5000,0
20230605,4.5000,4.5000,4.5000,4.5000,0
20230606,4.5000,4.5000,4.5000,4.5000,0
20230607,4.5000,4.5000,4.5000,4.5000,0
20230608,4.5000,4.5000,4.5000,4.5000,0
20230609,4.5000,4.5000,4.5000,4.5000,0
20230612,4.5000,4.5000,4.5000,4.5000,0
20230613,4.5000,4.5000,4.5000,4.5000,0
20230614,4.5000,4.5000,4.5000,4.5000,0
20230615,4.5000,4.5000,4.5000,4.5000,0
20230616,4.5000,4.5000,4.5000,4.5000,0
20230619,4.5000,4.5000,4.5000,4.5000,0
20230620,4.5000,4.5000,4.5000,4.5000,0
20230621,4.5000,4.5000,4.5000,4.5000,0
20230622,5.0000,5.0000,5.0000,5.0000,0
20230623,5.0000,5.0000,5.0000,5.0000,0
20230626,5.0000,5.0000,5.0000,5.0000,0
20230627,5.0000,5.0000,5.0000,5.0000,0
20230628,5.0000,5.0000,5.0000,5.0000,0
20230629,5.0000,5.0000,5.0000,5.0000,0
20230630,5.0000,5.0000,5.0000,5.0000,0
20230703,5.0000,5.0000,5.0000,5.0000,0
20230704,5.0000,5.0000,5.0000,5.0000,0
20230705,5.0000,5.0000,5.0000,5.0000,0
20230706,5.0000,5.0000,5.0000,5.0000,0
20230707,5.0000,5.0000,5.0000,5.0000,0
20230710,5.0000,5.0000,5.0000,5.0000,0
20230711,5.0000,5.0000,5.0000,5.0000,0
20230712,5.0000,5.0000,5.0000,5.0000,0
20230713,5.0000,5.0000,5.0000,5.0000,0
20230714,5.0000,5.0000,5.0000,5.0000,0
20230717,5.0000,5.0000,5.0000,5.0000,0
20230718,5.0000,5.0000,5.0000,5.0000,0
20230719,5.0000,5.0000,5.0000,5.0000,0
20230720,5.0000,5.0000,5.0000,5.0000,0
20230721,5.0000,5.0000,5.0000,5.0000,0
20230724,5.0000,5.0000,5.0000,5.0000,0
20230725,5.0000,5.0000,5.0000,5.0000,0
20230726,5.0000,5.0000,5.0000,5.0000,0
20230727,5.0000,5.0000,5.0000,5.0000,0
20230728,5.0000,5.0000,5.0000,5.0000,0
20230731,5.0000,5.0000,5.0000,5.0000,0
20230801,5.0000,5.0000,5.0000,5.0000,0
20230802,5.0000,5.0000,5.0000,5.0000,0
20230803,5.2500,5.2500,5.2500,5.2500,0
20230804,5.2500,5.2500,5.2500,5.2500,0
20230807,5.2500,5.2500,5.2500,5.2500,0
20230808,5.2500,5.2500,5.2500,5.2500,0
20230809,5.2500,5.2500,5.2500,5.2500,0
20230810,5.2500,5.2500,5.2500,5.2500,0
20230811,5.2500,5.2500,5.2500,5.2500,0
20230814,5.2500,5.2500,5.2500,5.2500,0
20230815,5.2500,5.2500,5.2500,5.2500,0
20230816,5.2500,5.2500,5.2500,5.2500,0
20230817,5.2500,5.2500,5.2500,5.2500,0
20230818,5.2500,5.2500,5.2500,5.2500,0
20230821,5.2500,5.2500,5.2500,5.2500,0
20230822,5.2500,5.2500,5.2500,5.2500,0
20230823,5.2500,5.2500,5.2500,5.2500,0
20230824,5.2500,5.2500,5.2500,5.2500,0
20230825,5.2500,5.2500,5.2500,5.2500,0
20230829,5.2500,5.2500,5.2500,5.2500,0
20230830,5.2500,5.2500,5.2500,5.2500,0
20230831,5.2500,5.2500,5.2500,5.2500,0
20230901,5.2500,5.2500,5.2500,5.2500,0
20230904,5.2500,5.2500,5.2500,5.2500,0
20230905,5.2500,5.2500,5.2500,5.2500,0
20230906,5.2500,5.2500,5.2500,5.2500,0
20230907,5.2500,5.2500,5.2500,5.2500,0
20230908,5.2500,5.2500,5.2500,5.2500,0
20230911,5.2500,5.2500,5.2500,5.2500,0
20230912,5.2500,5.2500,5.2500,5.2500,0
20230913,5.2500,5.2500,5.2500,5.2500,0
20230914,5.2500,5.2500,5.2500,5.2500,0
20230915,5.2500,5.2500,5.2500,5.2500,0
20230918,5.2500,5.2500,5.2500,5.2500,0
20230919,5.2500,5.2500,5.2500,5.2500,0
20230920,5.2500,5.2500,5.2500,5.2500,0
20230921,5.2500,5.2500,5.2500,5.2500,0
20230922,5.2500,5.2500,5.2500,5.2500,0
20230925,5.2500,5.2500,5.2500,5.2500,0
20230926,5.2500,5.2500,5.2500,5.2500,0
20230927,5.2500,5.2500,5.2500,5.2500,0
20230928,5.2500,5.2500,5.2500,5.2500,0
20230929,5.2500,5.2500,5.2500,5.2500,0
20231002,5.2500,5.2500,5.2500,5.2500,0
20231003,5.2500,5.2500,5.2500,5.2500,0
20231004,5.2500,5.2500,5.2500,5.2500,0
20231005,5.2500,5.2500,5.2500,5.2500,0
20231006,5.2500,5.2500,5.2500,5.2500,0
20231009,5.2500,5.2500,5.2500,5.2500,0
20231010,5.2500,5.2500,5.2500,5.2500,0
20231011,5.2500,5.2500,5.2500,5.2500,0
20231012,5.2500,5.2500,5.2500,5.2500,0
20231013,5.2500,5.2500,5.2500,5.2500,0
20231016,5.2500,5.2500,5.2500,5.2500,0
20231017,5.2500,5.2500,5.2500,5.2500,0
20231018,5.2500,5.2500,5.2500,5.2500,0
20231019,5.2500,5.2500,5.2500,5.2500,0
20231020,5.2500,5.2500,5.2500,5.2500,0
20231023,5.2500,5.2500,5.2500,5.2500,0
20231024,5.2500,5.2500,5.2500,5.2500,0
20231025,5.2500,5.2500,5.2500,5.2500,0
20231026,5.2500,5.2500,5.2500,5.2500,0
20231027,5.2500,5.2500,5.2500,5.2500,0
20231030,5.2500,5.2500,5.2500,5.2500,0
20231031,5.2500,5.2500,5.2500,5.2500,0
20231101,5.2500,5.2500,5.2500,5.2500,0
20231102,5.2500,5.2500,5.2500,5.2500,0
20231103,5.2500,5.2500,5.2500,5.2500,0
20231106,5.2500,5.2500,5.2500,5.2500,0
20231107,5.2500,5.2500,5.2500,5.2500,0
20231108,5.2500,5.2500,5.2500,5.2500,0
20231109,5.2500,5.2500,5.2500,5.2500,0
20231110,5.2500,5.2500,5.2500,5.2500,0
20231113,5.2500,5.2500,5.2500,5.2500,0
20231114,5.2500,5.2500,5.2500,5.2500,0
20231115,5.2500,5.2500,5.2500,5.2500,0
20231116,5.2500,5.2500,5.2500,5.2500,0
20231117,5.2500,5.2500,5.2500,5.2500,0
20231120,5.2500,5.2500,5.2500,5.2500,0
20231121,5.2500,5.2500,5.2500,5.2500,0
20231122,5.2500,5.2500,5.2500,5.2500,0
20231123,5.2500,5.2500,5.2500,5.2500,0
20231124,5.2500,5.2500,5.2500,5.2500,0
20231127,5.2500,5.2500,5.2500,5.2500,0
20231128,5.2500,5.2500,5.2500,5.2500,0
20231129,5.2500,5.2500,5.2500,5.2500,0
20231130,5.2500,5.2500,5.2500,5.2500,0
20231201,5.2500,5.2500,5.2500,5.2500,0
20231204,5.2500,5.2500,5.2500,5.2500,0
20231205,5.2500,5.2500,5.2500,5.2500,0
20231206,5.2500,5.2500,5.2500,5.2500,0
20231207,5.2500,5.2500,5.2500,5.2500,0
20231208,5.2500,5.2500,5.2500,5.2500,0
20231211,5.2500,5.2500,5.2500,5.2500,0
20231212,5.2500,5.2500,5.2500,5.2500,0
20231213,5.2500,5.2500,5.2500,5.2500,0
20231214,5.2500,5.2500,5.2500,5.2500,0
20231215,5.2500,5.2500,5.2500,5.2500,0
20231218,5.2500,5.2500,5.2500,5.2500,0
20231219,5.2500,5.2500,5.2500,5.2500,0
20231220,5.2500,5.2500,5.2500,5.2500,0
20231221,5.2500,5.2500,5.2500,5.2500,0
20231222,5.2500,5.2500,5.2500,5.2500,0
20231227,5.2500,5.2500,5.2500,5.2500,0
20231228,5.2500,5.2500,5.2500,5.2500,0
20231229,5.2500,5.2500,5.2500,5.2500,0
20240102,5.2500,5.2500,5.2500,5.2500,0
20240103,5.2500,5.2500,5.2500,5.2500,0
20240104,5.2500,5.2500,5.2500,5.2500,0
20240105,5.2500,5.2500,5.2500,5.2500,0
20240108,5.2500,5.2500,5.2500,5.2500,0
20240109,5.2500,5.2500,5.2500,5.2500,0
20240110,5.2500,5.2500,5.2500,5.2500,0
20240111,5.2500,5.2500,5.2500,5.2500,0
20240112,5.2500,5.2500,5.2500,5.2500,0
20240115,5.2500,5.2500,5.2500,5.2500,0
20240116,5.2500,5.2500,5.2500,5.2500,0
20240117,5.2500,5.2500,5.2500,5.2500,0
20240118,5.2500,5.2500,5.2500,5.2500,0
20240119,5.2500,5.2500,5.2500,5.2500,0
20240122,5.2500,5.2500,5.2500,5.2500,0
20240123,5.2500,5.2500,5.2500,5.2500,0
20240124,5.2500,5.2500,5.2500,5.2500,0
20240125,5.2500,5.2500,5.2500,5.2500,0
20240126,5.2500,5.2500,5.2500,5.2500,0
20240129,5.2500,5.2500,5.2500,5.2500,0
20240130,5.2500,5.2500,5.2500,5.2500,0
20240131,5.2500,5.2500,5.2500,5.2500,0
20240201,5.2500,5.2500,5.2500,5.2500,0
20240202,5.2500,5.2500,5.2500,5.2500,0
20240205,5.2500,5.2500,5.2500,5.2500,0
20240206,5.2500,5.2500,5.2500,5.2500,0
20240207,5.2500,5.2500,5.2500,5.2500,0
20240208,5.2500,5.2500,5.2500,5.2500,0
20240209,5.2500,5.2500,5.2500,5.2500,0
20240212,5.2500,5.2500,5.2500,5.2500,0
20240213,5.2500,5.2500,5.2500,5.2500,0
20240214,5.2500,5.2500,5.2500,5.2500,0
20240215,5.2500,5.2500,5.2500,5.2500,0
20240216,5.2500,5.2500,5.2500,5.2500,0
20240219,5.2500,5.2500,5.2500,5.2500,0
20240220,5.2500,5.2500,5.2500,5.2500,0
20240221,5.2500,5.2500,5.2500,5.2500,0
20240222,5.2500,5.2500,5.2500,5.2500,0
20240223,5.2500,5.2500,5.2500,5.2500,0
20240226,5.2500,5.2500,5.2500,5.2500,0
20240227,5.2500,5.2500,5.2500,5.2500,0
20240228,5.2500,5.2500,5.2500,5.2500,0
20240229,5.2500,5.2500,5.2500,5.2500,0
20240301,5.2500,5.2500,5.2500,5.2500,0
20240304,5.2500,5.2500,5.2500,5.2500,0
20240305,5.2500,5.2500,5.2500,5.2500,0
20240306,5.2500,5.2500,5.2500,5.2500,0
20240307,5.2500,5.2500,5.2500,5.2500,0
20240308,5.2500,5.2500,5.2500,5.2500,0
20240311,5.2500,5.2500,5.2500,5.2500,0
20240312,5.2500,5.2500,5.2500,5.2500,0
20240313,5.2500,5.2500,5.2500,5.2500,0
20240314,5.2500,5.2500,5.2500,5.2500,0
20240315,5.2500,5.2500,5.2500,5.2500,0
20240318,5.2500,5.2500,5.2500,5.2500,0
20240319,5.2500,5.2500,5.2500,5.2500,0
20240320,5.2500,5.2500,5.2500,5.2500,0
20240321,5.2500,5.2500,5.2500,5.2500,0
20240322,5.2500,5.2500,5.2500,5.2500,0
20240325,5.2500,5.2500,5.2500,5.2500,0
20240326,5.2500,5.2500,5.2500,5.2500,0
20240327,5.2500,5.2500,5.2500,5.2500,0
20240328,5.2500,5.2500,5.2500,5.2500,0
20240402,5.2500,5.2500,5.2500,5.2500,0
20240403,5.2500,5.2500,5.2500,5.2500,0
20240404,5.2500,5.2500,5.2500,5.2500,0
20240405,5.2500,5.2500,5.2500,5.2500,0
20240408,5.2500,5.2500,5.2500,5.2500,0
20240409,5.2500,5.2500,5.2500,5.2500,0
20240410,5.2500,5.2500,5.2500,5.2500,0
20240411,5.2500,5.2500,5.2500,5.2500,0
20240412,5.2500,5.2500,5.2500,5.2500,0
20240415,5.2500,5.2500,5.2500,5.2500,0
20240416,5.2500,5.2500,5.2500,5.2500,0
20240417,5.2500,5.2500,5.2500,5.2500,0
20240418,5.2500,5.2500,5.2500,5.2500,0
20240419,5.2500,5.2500,5.2500,5.2500,0
20240422,5.2500,5.2500,5.2500,5.2500,0
20240423,5.2500,5.2500,5.2500,5.2500,0
20240424,5.2500,5.2500,5.2500,5.2500,0
20240425,5.2500,5.2500,5.2500,5.2500,0
20240426,5.2500,5.2500,5.2500,5.2500,0
20240429,5.2500,5.2500,5.2500,5.2500,0
20240430,5.2500,5.2500,5.2500,5.2500,0
20240501,5.2500,5.2500,5.2500,5.2500,0
20240502,5.2500,5.2500,5.2500,5.2500,0
20240503,5.2500,5.2500,5.2500,5.2500,0
20240507,5.2500,5.2500,5.2500,5.2500,0
20240508,5.2500,5.2500,5.2500,5.2500,0
20240509,5.2500,5.2500,5.2500,5.2500,0
20240510,5.2500,5.2500,5.2500,5.2500,0
20240513,5.2500,5.2500,5.2500,5.2500,0
20240514,5.2500,5.2500,5.2500,5.2500,0
20240515,5.2500,5.2500,5.2500,5.2500,0
20240516,5.2500,5.2500,5.2500,5.2500,0
20240517,5.2500,5.2500,5.2500,5.2500,0
20240520,5.2500,5.2500,5.2500,5.2500,0
20240521,5.2500,5.2500,5.2500,5.2500,0
20240522,5.2500,5.2500,5.2500,5.2500,0
20240523,5.2500,5.2500,5.2500,5.2500,0
20240524,5.2500,5.2500,5.2500,5.2500,0
20240528,5.2500,5.2500,5.2500,5.2500,0
20240529,5.2500,5.2500,5.2500,5.2500,0
20240530,5.2500,5.2500,5.2500,5.2500,0
20240531,5.2500,5.2500,5.2500,5.2500,0
20240603,5.2500,5.2500,5.2500,5.2500,0
20240604,5.2500,5.2500,5.2500,5.2500,0
20240605,5.2500,5.2500,5.2500,5.2500,0
20240606,5.2500,5.2500,5.2500,5.2500,0
20240607,5.2500,5.2500,5.2500,5.2500,0
20240610,5.2500,5.2500,5.2500,5.2500,0
20240611,5.2500,5.2500,5.2500,5.2500,0
20240612,5.2500,5.2500,5.2500,5.2500,0
20240613,5.2500,5.2500,5.2500,5.2500,0
20240614,5.2500,5.2500,5.2500,5.2500,0
20240617,5.2500,5.2500,5.2500,5.2500,0
20240618,5.2500,5.2500,5.2500,5.2500,0
20240619,5.2500,5.2500,5.2500,5.2500,0
20240620,5.2500,5.2500,5.2500,5.2500,0
20240621,5.2500,5.2500,5.2500,5.2500,0
20240624,5.2500,5.2500,5.2500,5.2500,0
20240625,5.2500,5.2500,5.2500,5.2500,0
20240626,5.2500,5.2500,5.2500,5.2500,0
20240627,5.2500,5.2500,5.2500,5.2500,0
20240628,5.2500,5.2500,5.2500,5.2500,0
20240701,5.2500,5.2500,5.2500,5.2500,0
20240702,5.2500,5.2500,5.2500,5.2500,0
20240703,5.2500,5.2500,5.2500,5.2500,0
20240704,5.2500,5.2500,5.2500,5.2500,0
20240705,5.2500,5.2500,5.2500,5.2500,0
20240708,5.2500,5.2500,5.2500,5.2500,0
20240709,5.2500,5.2500,5.2500,5.2500,0
20240710,5.2500,5.2500,5.2500,5.2500,0
20240711,5.2500,5.2500,5.2500,5.2500,0
20240712,5.2500,5.2500,5.2500,5.2500,0
20240715,5.2500,5.2500,5.2500,5.2500,0
20240716,5.2500,5.2500,5.2500,5.2500,0
20240717,5.2500,5.2500,5.2500,5.2500,0
20240718,5.2500,5.2500,5.2500,5.2500,0
20240719,5.2500,5.2500,5.2500,5.2500,0
20240722,5.2500,5.2500,5.2500,5.2500,0
20240723,5.2500,5.2500,5.2500,5.2500,0
20240724,5.2500,5.2500,5.2500,5.2500,0
20240725,5.2500,5.2500,5.2500,5.2500,0
20240726,5.2500,5.2500,5.2500,5.2500,0
20240729,5.2500,5.2500,5.2500,5.2500,0
20240730,5.2500,5.2500,5.2500,5.2500,0
20240731,5.2500,5.2500,5.2500,5.2500,0
20240801,5.0000,5.0000,5.0000,5.0000,0
20240802,5.0000,5.0000,5.0000,5.0000,0
20240805,5.0000,5.0000,5.0000,5.0000,0
20240806,5.0000,5.0000,5.0000,5.0000,0
20240807,5.0000,5.0000,5.0000,5.0000,0
20240808,5.0000,5.0000,5.0000,5.0000,0
20240809,5.0000,5.0000,5.0000,5.0000,0
20240812,5.0000,5.0000,5.0000,5.0000,0
20240813,5.0000,5.0000,5.0000,5.0000,0
20240814,5.0000,5.0000,5.0000,5.0000,0
20240815,5.0000,5.0000,5.0000,5.0000,0
20240816,5.0000,5.0000,5.0000,5.0000,0
20240819,5.0000,5.0000,5.0000,5.0000,0
20240820,5.0000,5.0000,5.0000,5.0000,0
20240821,5.0000,5.0000,5.0000,5.0000,0
20240822,5.0000,5.0000,5.0000,5.0000,0
20240823,5.0000,5.0000,5.0000,5.0000,0
20240827,5.0000,5.0000,5.0000,5.0000,0
20240828,5.0000,5.0000,5.0000,5.0000,0
20240829,5.0000,5.0000,5.0000,5.0000,0
20240830,5.0000,5.0000,5.0000,5.0000,0
20240902,5.0000,5.0000,5.0000,5.0000,0
20240903,5.0000,5.0000,5.0000,5.0000,0
20240904,5.0000,5.0000,5.0000,5.0000,0
20240905,5.0000,5.0000,5.0000,5.0000,0
20240906,5.0000,5.0000,5.0000,5.0000,0
20240909,5.0000,5.0000,5.0000,5.0000,0
20240910,5.0000,5.0000,5.0000,5.0000,0
20240911,5.0000,5.0000,5.0000,5.0000,0
20240912,5.0000,5.0000,5.0000,5.0000,0
20240913,5.0000,5.0000,5.0000,5.0000,0
20240916,5.0000,5.0000,5.0000,5.0000,0
20240917,5.0000,5.0000,5.0000,5.0000,0
20240918,5.0000,5.0000,5.0000,5.0000,0
20240919,5.0000,5.0000,5.0000,5.0000,0
20240920,5.0000,5.0000,5.0000,5.0000,0
20240923,5.0000,5.0000,5.0000,5.0000,0
20240924,5.0000,5.0000,5.0000,5.0000,0
20240925,5.0000,5.0000,5.0000,5.0000,0
20240926,5.0000,5.0000,5.0000,5.0000,0
20240927,5.0000,5.0000,5.0000,5.0000,0
20240930,5.0000,5.0000,5.0000,5.0000,0
20241001,5.0000,5.0000,5.0000,5.0000,0
20241002,5.0000,5.0000,5.0000,5.0000,0
20241003,5.0000,5.0000,5.0000,5.0000,0
20241004,5.0000,5.0000,5.0000,5.0000,0
20241007,5.0000,5.0000,5.0000,5.0000,0
20241008,5.0000,5.0000,5.0000,5.0000,0
20241009,5.0000,5.0000,5.0000,5.0000,0
20241010,5.0000,5.0000,5.0000,5.0000,0
20241011,5.0000,5.0000,5.0000,5.0000,0
20241014,5.0000,5.0000,5.0000,5.0000,0
20241015,5.0000,5.0000,5.0000,5.0000,0
20241016,5.0000,5.0000,5.0000,5.0000,0
20241017,5.0000,5.0000,5.0000,5.0000,0
20241018,5.0000,5.0000,5.0000,5.0000,0
20241021,5.0000,5.0000,5.0000,5.0000,0
20241022,5.0000,5.0000,5.0000,5.0000,0
20241023,5.0000,5.0000,5.0000,5.0000,0
20241024,5.0000,5.0000,5.0000,5.0000,0
20241025,5.0000,5.0000,5.0000,5.0000,0
20241028,5.0000,5.0000,5.0000,5.0000,0
20241029,5.0000,5.0000,5.0000,5.0000,0
20241030,5.0000,5.0000,5.0000,5.0000,0
20241031,5.0000,5.0000,5.0000,5.0000,0
20241101,5.0000,5.0000,5.0000,5.0000,0
20241104,5.0000,5.0000,5.0000,5.0000,0
20241105,5.0000,5.0000,5.0000,5.0000,0
20241106,5.0000,5.0000,5.0000,5.0000,0
20241107,4.7500,4.7500,4.7500,4.7500,0
20241108,4.7500,4.7500,4.7500,4.7500,0
20241111,4.7500,4.7500,4.7500,4.7500,0
20241112,4.7500,4.7500,4.7500,4.7500,0
20241113,4.7500,4.7500,4.7500,4.7500,0
20241114,4.7500,4.7500,4.7500,4.7500,0
20241115,4.7500,4.7500,4.7500,4.7500,0
20241118,4.7500,4.7500,4.7500,4.7500,0
20241119,4.7500,4.7500,4.7500,4.7500,0
20241120,4.7500,4.7500,4.7500,4.7500,0
20241121,4.7500,4.7500,4.7500,4.7500,0
20241122,4.7500,4.7500,4.7500,4.7500,0
20241125,4.7500,4.7500,4.7500,4.7500,0
20241126,4.7500,4.7500,4.7500,4.7500,0
20241127,4.7500,4.7500,4.7500,4.7500,0
20241128,4.7500,4.7500,4.7500,4.7500,0
20241129,4.7500,4.7500,4.7500,4.7500,0
20241202,4.7500,4.7500,4.7500,4.7500,0
20241203,4.7500,4.7500,4.7500,4.7500,0
20241204,4.7500,4.7500,4.7500,4.7500,0
20241205,4.7500,4.7500,4.7500,4.7500,0
20241206,4.7500,4.7500,4.7500,4.7500,0
20241209,4.7500,4.7500,4.7500,4.7500,0
20241210,4.7500,4.7500,4.7500,4.7500,0
20241211,4.7500,4.7500,4.7500,4.7500,0
20241212,4.7500,4.7500,4.7500,4.7500,0
20241213,4.7500,4.7500,4.7500,4.7500,0
20241216,4.7500,4.7500,4.7500,4.7500,0
20241217,4.7500,4.7500,4.7500,4.7500,0
20241218,4.7500,4.7500,4.7500,4.7500,0
20241219,4.7500,4.7500,4.7500,4.7500,0
20241220,4.7500,4.7500,4.7500,4.7500,0
20241223,4.7500,4.7500,4.7500,4.7500,0
20241224,4.7500,4.7500,4.7500,4.7500,0
20241227,4.7500,4.7500,4.7500,4.7500,0
20241230,4.7500,4.7500,4.7500,4.7500,0
20241231,4.7500,4.7500,4.7500,4.7500,0
20250102,4.7500,4.7500,4.7500,4.7500,0
20250103,4.7500,4.7500,4.7500,4.7500,0
20250106,4.7500,4.7500,4.7500,4.7500,0
20250107,4.7500,4.7500,4.7500,4.7500,0
20250108,4.7500,4.7500,4.7500,4.7500,0
20250109,4.7500,4.7500,4.7500,4.7500,0
20250110,4.7500,4.7500,4.7500,4.7500,0
20250113,4.7500,4.7500,4.7500,4.7500,0
20250114,4.7500,4.7500,4.7500,4.7500,0
20250115,4.7500,4.7500,4.7500,4.7500,0
20250116,4.7500,4.7500,4.7500,4.7500,0
20250117,4.7500,4.7500,4.7500,4.7500,0
20250120,4.7500,4.7500,4.7500,4.7500,0
20250121,4.7500,4.7500,4.7500,4.7500,0
20250122,4.7500,4.7500,4.7500,4.7500,0
20250123,4.7500,4.7500,4.7500,4.7500,0
20250124,4.7500,4.7500,4.7500,4.7500,0
20250127,4.7500,4.7500,4.7500,4.7500,0
20250128,4.7500,4.7500,4.7500,4.7500,0
20250129,4.7500,4.7500,4.7500,4.7500,0
20250130,4.7500,4.7500,4.7500,4.7500,0
20250131,4.7500,4.7500,4.7500,4.7500,0
20250203,4.7500,4.7500,4.7500,4.7500,0
20250204,4.7500,4.7500,4.7500,4.7500,0
20250205,4.7500,4.7500,4.7500,4.7500,0
20250206,4.5000,4.5000,4.5000,4.5000,0
20250207,4.5000,4.5000,4.5000,4.5000,0
20250210,4.5000,4.5000,4.5000,4.5000,0
20250211,4.5000,4.5000,4.5000,4.5000,0
20250212,4.5000,4.5000,4.5000,4.5000,0
20250213,4.5000,4.5000,4.5000,4.5000,0
20250214,4.5000,4.5000,4.5000,4.5000,0
20250217,4.5000,4.5000,4.5000,4.5000,0
20250218,4.5000,4.5000,4.5000,4.5000,0
20250219,4.5000,4.5000,4.5000,4.5000,0
20250220,4.5000,4.5000,4.5000,4.5000,0
20250221,4.5000,4.5000,4.5000,4.5000,0
20250224,4.5000,4.5000,4.5000,4.5000,0
20250225,4.5000,4.5000,4.5000,4.5000,0
20250226,4.5000,4.5000,4.5000,4.5000,0
20250227,4.5000,4.5000,4.5000,4.5000,0
20250228,4.5000,4.5000,4.5000,4.5000,0
20250303,4.5000,4.5000,4.5000,4.5000,0
20250304,4.5000,4.5000,4.5000,4.5000,0
20250305,4.5000,4.5000,4.5000,4.5000,0
20250306,4.5000,4.5000,4.5000,4.5000,0
20250307,4.5000,4.5000,4.5000,4.5000,0
20250310,4.5000,4.5000,4.5000,4.5000,0
20250311,4.5000,4.5000,4.5000,4.5000,0
20250312,4.5000,4.5000,4.5000,4.5000,0
20250313,4.5000,4.5000,4.5000,4.5000,0
20250314,4.5000,4.5000,4.5000,4.5000,0
20250317,4.5000,4.5000,4.5000,4.5000,0
20250318,4.5000,4.5000,4.5000,4.5000,0
20250319,4.5000,4.5000,4.5000,4.5000,0
20250320,4.5000,4.5000,4.5000,4.5000,0
20250321,4.5000,4.5000,4.5000,4.5000,0
20250324,4.5000,4.5000,4.5000,4.5000,0
20250325,4.5000,4.5000,4.5000,4.5000,0
20250326,4.5000,4.5000,4.5000,4.5000,0
20250327,4.5000,4.5000,4.5000,4.5000,0
20250328,4.5000,4.5000,4.5000,4.5000,0
20250331,4.5000,4.5000,4.5000,4.5000,0
20250401,4.5000,4.5000,4.5000,4.5000,0
20250402,4.5000,4.5000,4.5000,4.5000,0
20250403,4.5000,4.5000,4.5000,4.5000,0
20250404,4.5000,4.5000,4.5000,4.5000,0
20250407,4.5000,4.5000,4.5000,4.5000,0
20250408,4.5000,4.5000,4.5000,4.5000,0
20250409,4.5000,4.5000,4.5000,4.5000,0
20250410,4.5000,4.5000,4.5000,4.5000,0
20250411,4.5000,4.5000,4.5000,4.5000,0
20250414,4.5000,4.5000,4.5000,4.5000,0
20250415,4.5000,4.5000,4.5000,4.5000,0
20250416,4.5000,4.5000,4.5000,4.5000,0
20250417,4.5000,4.5000,4.5000,4.5000,0
20250422,4.5000,4.5000,4.5000,4.5000,0
20250423,4.5000,4.5000,4.5000,4.5000,0
20250424,4.5000,4.5000,4.5000,4.5000,0
20250425,4.5000,4.5000,4.5000,4.5000,0
20250428,4.5000,4.5000,4.5000,4.5000,0
20250429,4.5000,4.5000,4.5000,4.5000,0
20250430,4.5000,4.5000,4.5000,4.5000,0
20250501,4.5000,4.5000,4.5000,4.5000,0
20250502,4.5000,4.5000,4.5000,4.5000,0
20250506,4.5000,4.5000,4.5000,4.5000,0
20250507,4.5000,4.5000,4.5000,4.5000,0
20250508,4.2500,4.2500,4.2500,4.2500,0
20250509,4.2500,4.2500,4.2500,4.2500,0
20250512,4.2500,4.2500,4.2500,4.2500,0
20250513,4.2500,4.2500,4.2500,4.2500,0
20250514,4.2500,4.2500,4.2500,4.2500,0
20250515,4.2500,4.2500,4.2500,4.2500,0
20250516,4.2500,4.2500,4.2500,4.2500,0
20250519,4.2500,4.2500,4.2500,4.2500,0
20250520,4.2500,4.2500,4.2500,4.2500,0
20250521,4.2500,4.2500,4.2500,4.2500,0
20250522,4.2500,4.2500,4.2500,4.2500,0
20250523,4.2500,4.2500,4.2500,4.2500,0
20250527,4.2500,4.2500,4.2500,4.2500,0
20250528,4.2500,4.2500,4.2500,4.2500,0
20250529,4.2500,4.2500,4.2500,4.2500,0
20250530,4.2500,4.2500,4.2500,4.2500,0
20250602,4.2500,4.2500,4.2500,4.2500,0
20250603,4.2500,4.2500,4.2500,4.2500,0
20250604,4.2500,4.2500,4.2500,4.2500,0
20250605,4.2500,4.2500,4.2500,4.2500,0
20250606,4.2500,4.2500,4.2500,4.2500,0
20250609,4.2500,4.2500,4.2500,4.2500,0
20250610,4.2500,4.2500,4.2500,4.2500,0
20250611,4.2500,4.2500,4.2500,4.2500,0
20250612,4.2500,4.2500,4.2500,4.2500,0
20250613,4.2500,4.2500,4.2500,4.2500,0
20250616,4.2500,4.2500,4.2500,4.2500,0
20250617,4.2500,4.2500,4.2500,4.2500,0
20250618,4.2500,4.2500,4.2500,4.2500,0
20250619,4.2500,4.2500,4.2500,4.2500,0
20250620,4.2500,4.2500,4.2500,4.2500,0
20250623,4.2500,4.2500,4.2500,4.2500,0
20250624,4.2500,4.2500,4.2500,4.2500,0
20250625,4.2500,4.2500,4.2500,4.2500,0
20250626,4.2500,4.2500,4.2500,4.2500,0
20250627,4.2500,4.2500,4.2500,4.2500,0
20250630,4.2500,4.2500,4.2500,4.2500,0
20250701,4.2500,4.2500,4.2500,4.2500,0
20250702,4.2500,4.2500,4.2500,4.2500,0
20250703,4.2500,4.2500,4.2500,4.2500,0
20250704,4.2500,4.2500,4.2500,4.2500,0
20250707,4.2500,4.2500,4.2500,4.2500,0
20250708,4.2500,4.2500,4.2500,4.2500,0
20250709,4.2500,4.2500,4.2500,4.2500,0
20250710,4.2500,4.2500,4.2500,4.2500,0
20250711,4.2500,4.2500,4.2500,4.2500,0
20250714,4.2500,4.2500,4.2500,4.2500,0
20250715,4.2500,4.2500,4.2500,4.2500,0
20250716,4.2500,4.2500,4.2500,4.2500,0
20250717,4.2500,4.2500,4.2500,4.2500,0
20250718,4.2500,4.2500,4.2500,4.2500,0
20250721,4.2500,4.2500,4.2500,4.2500,0
20250722,4.2500,4.2500,4.2500,4.2500,0
20250723,4.2500,4.2500,4.2500,4.2500,0
20250724,4.2500,4.2500,4.2500,4.2500,0
20250725,4.2500,4.2500,4.2500,4.2500,0
20250728,4.2500,4.2500,4.2500,4.2500,0
20250729,4.2500,4.2500,4.2500,4.2500,0
20250730,4.2500,4.2500,4.2500,4.2500,0
20250731,4.2500,4.2500,4.2500,4.2500,0
20250801,4.2500,4.2500,4.2500,4.2500,0
20250804,4.2500,4.2500,4.2500,4.2500,0
20250805,4.2500,4.2500,4.2500,4.2500,0
20250806,4.2500,4.2500,4.2500,4.2500,0
20250807,4.0000,4.0000,4.0000,4.0000,0
20250808,4.0000,4.0000,4.0000,4.0000,0
20250811,4.0000,4.0000,4.0000,4.0000,0
20250812,4.0000,4.0000,4.0000,4.0000,0
20250813,4.0000,4.0000,4.0000,4.0000,0
20250814,4.0000,4.0000,4.0000,4.0000,0
20250815,4.0000,4.0000,4.0000,4.0000,0
20250818,4.0000,4.0000,4.0000,4.0000,0
20250819,4.0000,4.0000,4.0000,4.0000,0
20250820,4.0000,4.0000,4.0000,4.0000,0
20250821,4.0000,4.0000,4.0000,4.0000,0
20250822,4.0000,4.0000,4.0000,4.0000,0
20250826,4.0000,4.0000,4.0000,4.0000,0
20250827,4.0000,4.0000,4.0000,4.0000,0
20250828,4.0000,4.0000,4.0000,4.0000,0
20250829,4.0000,4.0000,4.0000,4.0000,0
20250901,4.0000,4.0000,4.0000,4.0000,0
20250902,4.0000,4.0000,4.0000,4.0000,0
20250903,4.0000,4.0000,4.0000,4.0000,0
20250904,4.0000,4.0000,4.0000,4.0000,0
20250905,4.0000,4.0000,4.0000,4.0000,0
20250908,4.0000,4.0000,4.0000,4.0000,0
20250909,4.0000,4.0000,4.0000,4.0000,0
20250910,4.0000,4.0000,4.0000,4.0000,0
20250911,4.0000,4.0000,4.0000,4.0000,0
20250912,4.0000,4.0000,4.0000,4.0000,0
20250915,4.0000,4.0000,4.0000,4.0000,0
20250916,4.0000,4.0000,4.0000,4.0000,0
20250917,4.0000,4.0000,4.0000,4.0000,0
20250918,4.0000,4.0000,4.0000,4.0000,0
20250919,4.0000,4.0000,4.0000,4.0000,0
20250922,4.0000,4.0000,4.0000,4.0000,0
20250923,4.0000,4.0000,4.0000,4.0000,0
20250924,4.0000,4.0000,4.0000,4.0000,0
20250925,4.0000,4.0000,4.0000,4.0000,0
20250926,4.0000,4.0000,4.0000,4.0000,0
20250929,4.0000,4.0000,4.0000,4.0000,0
20250930,4.0000,4.0000,4.0000,4.0000,0
20251001,4.0000,4.0000,4.0000,4.0000,0
20251002,4.0000,4.0000,4.0000,4.0000,0
20251003,4.0000,4.0000,4.0000,4.0000,0
20251006,4.0000,4.0000,4.0000,4.0000,0
20251007,4.0000,4.0000,4.0000,4.0000,0
20251008,4.0000,4.0000,4.0000,4.0000,0
20251009,4.0000,4.0000,4.0000,4.0000,0
20251010,4.0000,4.0000,4.0000,4.0000,0
20251013,4.0000,4.0000,4.0000,4.0000,0
20251014,4.0000,4.0000,4.0000,4.0000,0
20251015,4.0000,4.0000,4.0000,4.0000,0
20251016,4.0000,4.0000,4.0000,4.0000,0
20251017,4.0000,4.0000,4.0000,4.0000,0
20251020,4.0000,4.0000,4.0000,4.0000,0
20251021,4.0000,4.0000,4.0000,4.0000,0
20251022,4.0000,4.0000,4.0000,4.0000,0
20251023,4.0000,4.0000,4.0000,4.0000,0
20251024,4.0000,4.0000,4.0000,4.0000,0
20251027,4.0000,4.0000,4.0000,4.0000,0
20251028,4.0000,4.0000,4.0000,4.0000,0
20251029,4.0000,4.0000,4.0000,4.0000,0
20251030,4.0000,4.0000,4.0000,4.0000,0
20251031,4.0000,4.0000,4.0000,4.0000,0
20251103,4.0000,4.0000,4.0000,4.0000,0
20251104,4.0000,4.0000,4.0000,4.0000,0
20251105,4.0000,4.0000,4.0000,4.0000,0
20251106,4.0000,4.0000,4.0000,4.0000,0
20251107,4.0000,4.0000,4.0000,4.0000,0
20251110,4.0000,4.0000,4.0000,4.0000,0
20251111,4.0000,4.0000,4.0000,4.0000,0
20251112,4.0000,4.0000,4.0000,4.0000,0
20251113,4.0000,4.0000,4.0000,4.0000,0
20251114,4.0000,4.0000,4.0000,4.0000,0
20251117,4.0000,4.0000,4.0000,4.0000,0
20251118,4.0000,4.0000,4.0000,4.0000,0
20251119,4.0000,4.0000,4.0000,4.0000,0
20251120,4.0000,4.0000,4.0000,4.0000,0
20251121,4.0000,4.0000,4.0000,4.0000,0
20251124,4.0000,4.0000,4.0000,4.0000,0
20251125,4.0000,4.0000,4.0000,4.0000,0
20251126,4.0000,4.0000,4.0000,4.0000,0
20251127,4.0000,4.0000,4.0000,4.0000,0
20251128,4.0000,4.0000,4.0000,4.0000,0
20251201,4.0000,4.0000,4.0000,4.0000,0
20251202,4.0000,4.0000,4.0000,4.0000,0
20251203,4.0000,4.0000,4.0000,4.0000,0
20251204,4.0000,4.0000,4.0000,4.0000,0
20251205,4.0000,4.0000,4.0000,4.0000,0
20251208,4.0000,4.0000,4.0000,4.0000,0
20251209,4.0000,4.0000,4.0000,4.0000,0
20251210,4.0000,4.0000,4.0000,4.0000,0
20251211,4.0000,4.0000,4.0000,4.0000,0
20251212,4.0000,4.0000,4.0000,4.0000,0
20251215,4.0000,4.0000,4.0000,4.0000,0
20251216,4.0000,4.0000,4.0000,4.0000,0
20251217,4.0000,4.0000,4.0000,4.0000,0
20251218,3.7500,3.7500,3.7500,3.7500,0
20251219,3.7500,3.7500,3.7500,3.7500,0
20251222,3.7500,3.7500,3.7500,3.7500,0
20251223,3.7500,3.7500,3.7500,3.7500,0
20251224,3.7500,3.7500,3.7500,3.7500,0
20251229,3.7500,3.7500,3.7500,3.7500,0
20251230,3.7500,3.7500,3.7500,3.7500,0
20251231,3.7500,3.7500,3.7500,3.7500,0
20260102,3.7500,3.7500,3.7500,3.7500,0
20260105,3.7500,3.7500,3.7500,3.7500,0
20260106,3.7500,3.7500,3.7500,3.7500,0
20260107,3.7500,3.7500,3.7500,3.7500,0
20260108,3.7500,3.7500,3.7500,3.7500,0
20260109,3.7500,3.7500,3.7500,3.7500,0
20260112,3.7500,3.7500,3.7500,3.7500,0
20260113,3.7500,3.7500,3.7500,3.7500,0
20260114,3.7500,3.7500,3.7500,3.7500,0
20260115,3.7500,3.7500,3.7500,3.7500,0
20260116,3.7500,3.7500,3.7500,3.7500,0
20260119,3.7500,3.7500,3.7500,3.7500,0
20260120,3.7500,3.7500,3.7500,3.7500,0
20260121,3.7500,3.7500,3.7500,3.7500,0
20260122,3.7500,3.7500,3.7500,3.7500,0
20260123,3.7500,3.7500,3.7500,3.7500,0
20260126,3.7500,3.7500,3.7500,3.7500,0
20260127,3.7500,3.7500,3.7500,3.7500,0
20260128,3.7500,3.7500,3.7500,3.7500,0
20260129,3.7500,3.7500,3.7500,3.7500,0
20260130,3.7500,3.7500,3.7500,3.7500,0
20260202,3.7500,3.7500,3.7500,3.7500,0
20260203,3.7500,3.7500,3.7500,3.7500,0
20260204,3.7500,3.7500,3.7500,3.7500,0
20260205,3.7500,3.7500,3.7500,3.7500,0
20260206,3.7500,3.7500,3.7500,3.7500,0
20260209,3.7500,3.7500,3.7500,3.7500,0
20260210,3.7500,3.7500,3.7500,3.7500,0
20260211,3.7500,3.7500,3.7500,3.7500,0
20260212,3.7500,3.7500,3.7500,3.7500,0
20260213,3.7500,3.7500,3.7500,3.7500,0
20260216,3.7500,3.7500,3.7500,3.7500,0
20260217,3.7500,3.7500,3.7500,3.7500,0
20260218,3.7500,3.7500,3.7500,3.7500,0
20260219,3.7500,3.7500,3.7500,3.7500,0
20260220,3.7500,3.7500,3.7500,3.7500,0
20260223,3.7500,3.7500,3.7500,3.7500,0
20260224,3.7500,3.7500,3.7500,3.7500,0
20260225,3.7500,3.7500,3.7500,3.7500,0
20260226,3.7500,3.7500,3.7500,3.7500,0
20260227,3.7500,3.7500,3.7500,3.7500,0
20260302,3.7500,3.7500,3.7500,3.7500,0
20260303,3.7500,3.7500,3.7500,3.7500,0
20260304,3.7500,3.7500,3.7500,3.7500,0
20260305,3.7500,3.7500,3.7500,3.7500,0
20260306,3.7500,3.7500,3.7500,3.7500,0
20260309,3.7500,3.7500,3.7500,3.7500,0
20260310,3.7500,3.7500,3.7500,3.7500,0
20260311,3.7500,3.7500,3.7500,3.7500,0
20260312,3.7500,3.7500,3.7500,3.7500,0
20260313,3.7500,3.7500,3.7500,3.7500,0
20260316,3.7500,3.7500,3.7500,3.7500,0
20260317,3.7500,3.7500,3.7500,3.7500,0
20260318,3.7500,3.7500,3.7500,3.7500,0
20260319,3.7500,3.7500,3.7500,3.7500,0
20260320,3.7500,3.7500,3.7500,3.7500,0
20260323,3.7500,3.7500,3.7500,3.7500,0
20260324,3.7500,3.7500,3.7500,3.7500,0
20260325,3.7500,3.7500,3.7500,3.7500,0
20260326,3.7500,3.7500,3.7500,3.7500,0
20260327,3.7500,3.7500,3.7500,3.7500,0
20260330,3.7500,3.7500,3.7500,3.7500,0
20260331,3.7500,3.7500,3.7500,3.7500,0
20260401,3.7500,3.7500,3.7500,3.7500,0
20260402,3.7500,3.7500,3.7500,3.7500,0
20260407,3.7500,3.7500,3.7500,3.7500,0
20260408,3.7500,3.7500,3.7500,3.7500,0
20260409,3.7500,3.7500,3.7500,3.7500,0
20260410,3.7500,3.7500,3.7500,3.7500,0
20260413,3.7500,3.7500,3.7500,3.7500,0
20260414,3.7500,3.7500,3.7500,3.7500,0
20260415,3.7500,3.7500,3.7500,3.7500,0
20260416,3.7500,3.7500,3.7500,3.7500,0
20260417,3.7500,3.7500,3.7500,3.7500,0
20260420,3.7500,3.7500,3.7500,3.7500,0
20260421,3.7500,3.7500,3.7500,3.7500,0
20260422,3.7500,3.7500,3.7500,3.7500,0
20260423,3.7500,3.7500,3.7500,3.7500,0
20260424,3.7500,3.7500,3.7500,3.7500,0
20260427,3.7500,3.7500,3.7500,3.7500,0
20260428,3.7500,3.7500,3.7500,3.7500,0
20260429,3.7500,3.7500,3.7500,3.7500,0
20260430,3.7500,3.7500,3.7500,3.7500,0
20260501,3.7500,3.7500,3.7500,3.7500,0
20260505,3.7500,3.7500,3.7500,3.7500,0
20260506,3.7500,3.7500,3.7500,3.7500,0
20260507,3.7500,3.7500,3.7500,3.7500,0
20260508,3.7500,3.7500,3.7500,3.7500,0
20260511,3.7500,3.7500,3.7500,3.7500,0
20260512,3.7500,3.7500,3.7500,3.7500,0
20260513,3.7500,3.7500,3.7500,3.7500,0
20260514,3.7500,3.7500,3.7500,3.7500,0
20260515,3.7500,3.7500,3.7500,3.7500,0
20260518,3.7500,3.7500,3.7500,3.7500,0
20260519,3.7500,3.7500,3.7500,3.7500,0
20260520,3.7500,3.7500,3.7500,3.7500,0
20260521,3.7500,3.7500,3.7500,3.7500,0
20260522,3.7500,3.7500,3.7500,3.7500,0
20260526,3.7500,3.7500,3.7500,3.7500,0
20260527,3.7500,3.7500,3.7500,3.7500,0
20260528,3.7500,3.7500,3.7500,3.7500,0
20260529,3.7500,3.7500,3.7500,3.7500,0
20260601,3.7500,3.7500,3.7500,3.7500,0
20260602,3.7500,3.7500,3.7500,3.7500,0
20260603,3.7500,3.7500,3.7500,3.7500,0
20260604,3.7500,3.7500,3.7500,3.7500,0
20260605,3.7500,3.7500,3.7500,3.7500,0
20260608,3.7500,3.7500,3.7500,3.7500,0
20260609,3.7500,3.7500,3.7500,3.7500,0
20260610,3.7500,3.7500,3.7500,3.7500,0
20260611,3.7500,3.7500,3.7500,3.7500,0
20260612,3.7500,3.7500,3.7500,3.7500,0
20260615,3.7500,3.7500,3.7500,3.7500,0
20260616,3.7500,3.7500,3.7500,3.7500,0
20260617,3.7500,3.7500,3.7500,3.7500,0
20260618,3.7500,3.7500,3.7500,3.7500,0
20260619,3.7500,3.7500,3.7500,3.7500,0
20260622,3.7500,3.7500,3.7500,3.7500,0
20260623,3.7500,3.7500,3.7500,3.7500,0
20260624,3.7500,3.7500,3.7500,3.7500,0
20260625,3.7500,3.7500,3.7500,3.7500,0
20260626,3.7500,3.7500,3.7500,3.7500,0
20260629,3.7500,3.7500,3.7500,3.7500,0
20260630,3.7500,3.7500,3.7500,3.7500,0
20260701,3.7500,3.7500,3.7500,3.7500,0
20260702,3.7500,3.7500,3.7500,3.7500,0
20260703,3.7500,3.7500,3.7500,3.7500,0
20260706,3.7500,3.7500,3.7500,3.7500,0
20260707,3.7500,3.7500,3.7500,3.7500,0
20260708,3.7500,3.7500,3.7500,3.7500,0
20260709,3.7500,3.7500,3.7500,3.7500,0
20260710,3.7500,3.7500,3.7500,3.7500,0
20260713,3.7500,3.7500,3.7500,3.7500,0
20260714,3.7500,3.7500,3.7500,3.7500,0
20260715,3.7500,3.7500,3.7500,3.7500,0
20260716,3.7500,3.7500,3.7500,3.7500,0
20260717,3.7500,3.7500,3.7500,3.7500,0
20260720,3.7500,3.7500,3.7500,3.7500,0
20260721,3.7500,3.7500,3.7500,3.7500,0
20260722,3.7500,3.7500,3.7500,3.7500,0
20260723,3.7500,3.7500,3.7500,3.7500,0
20260724,3.7500,3.7500,3.7500,3.7500,0
20260727,3.7500,3.7500,3.7500,3.7500,0
20260728,3.7500,3.7500,3.7500,3.7500,0
20260729,3.7500,3.7500,3.7500,3.7500,0
20260730,3.7500,3.7500,3.7500,3.7500,0
20260731,3.7500,3.7500,3.7500,3.7500,0
20260803,3.7500,3.7500,3.7500,3.7500,0
20260804,3.7500,3.7500,3.7500,3.7500,0
20260805,3.7500,3.7500,3.7500,3.7500,0
20260806,3.7500,3.7500,3.7500,3.7500,0
20260807,3.7500,3.7500,3.7500,3.7500,0
20260810,3.7500,3.7500,3.7500,3.7500,0
20260811,3.7500,3.7500,3.7500,3.7500,0
20260812,3.7500,3.7500,3.7500,3.7500,0
20260813,3.7500,3.7500,3.7500,3.7500,0
20260814,3.7500,3.7500,3.7500,3.7500,0
20260817,3.7500,3.7500,3.7500,3.7500,0
20260818,3.7500,3.7500,3.7500,3.7500,0
20260819,3.7500,3.7500,3.7500,3.7500,0
20260820,3.7500,3.7500,3.7500,3.7500,0
20260821,3.7500,3.7500,3.7500,3.7500,0
20260824,3.7500,3.7500,3.7500,3.7500,0
20260825,3.7500,3.7500,3.7500,3.7500,0
20260826,3.7500,3.7500,3.7500,3.7500,0
20260827,3.7500,3.7500,3.7500,3.7500,0
20260828,3.7500,3.7500,3.7500,3.7500,0
