# QUALITY=PROXY_OTR_JGBI | On-the-run 10Y JGBi real (JSDA price + MoF coupon; MoF BEI method) | generated by fetch_jpy_real.py
DATE,NOM10,REAL10,BE10
20200106,-0.0153,-0.2094,0.1941
20200107,-0.0256,-0.2201,0.1945
20200108,-0.0078,-0.1935,0.1857
20200109,-0.0127,-0.1883,0.1755
20200110,-0.0027,-0.183,0.1803
20200114,-0.0024,-0.1789,0.1765
20200115,0.0131,-0.1597,0.1728
20200116,0.0076,-0.1726,0.1802
20200117,0.0082,-0.1727,0.1809
20200120,-0.002,-0.1835,0.1815
20200121,0.008,-0.1729,0.1809
20200122,-0.0064,-0.1837,0.1773
20200123,-0.0024,-0.1784,0.176
20200124,-0.0228,-0.1677,0.1449
20200127,-0.0226,-0.1657,0.1431
20200128,-0.0449,-0.184,0.1391
20200129,-0.0368,-0.1798,0.1429
20200130,-0.0387,-0.1787,0.14
20200131,-0.0567,-0.1842,0.1275
20200203,-0.0614,-0.1897,0.1283
20200204,-0.0591,-0.1844,0.1253
20200205,-0.051,-0.1737,0.1227
20200206,-0.0375,-0.1576,0.1201
20200207,-0.0206,-0.1414,0.1209
20200210,-0.0415,-0.147,0.1055
20200212,-0.0573,-0.1579,0.1006
20200213,-0.0431,-0.1482,0.105
20200214,-0.0331,-0.1471,0.114
20200217,-0.0274,-0.1559,0.1285
20200218,-0.0323,-0.1473,0.115
20200219,-0.0491,-0.1474,0.0982
20200220,-0.0431,-0.1366,0.0935
20200221,-0.038,-0.1236,0.0856
20200225,-0.0592,-0.1368,0.0776
20200226,-0.0988,-0.1531,0.0543
20200227,-0.087,-0.1423,0.0553
20200228,-0.1037,-0.164,0.0603
20200302,-0.1536,-0.1967,0.0431
20200303,-0.1316,-0.2022,0.0706
20200304,-0.1036,-0.1914,0.0879
20200305,-0.1331,-0.2132,0.0801
20200306,-0.1004,-0.1872,0.0868
20200309,-0.1222,-0.208,0.0857
20200310,-0.1384,-0.2459,0.1076
20200311,-0.0285,-0.121,0.0925
20200312,-0.0529,-0.0442,-0.0087
20200313,-0.0436,0.0499,-0.0936
20200316,0.0096,0.2693,-0.2597
20200317,0.0266,0.2774,-0.2508
20200318,0.0217,0.2695,-0.2478
20200319,0.0639,0.1981,-0.1342
20200323,0.1096,0.1961,-0.0865
20200324,0.0787,0.1623,-0.0836
20200325,0.0504,0.1702,-0.1199
20200326,0.0483,0.1455,-0.0972
20200327,0.0255,0.0837,-0.0582
20200330,0.0264,0.0558,-0.0294
20200331,0.0131,0.0782,-0.0651
20200401,0.029,0.1176,-0.0885
20200402,0.0169,0.1176,-0.1007
20200403,-0.0028,0.103,-0.1058
20200406,-0.0091,0.0952,-0.1043
20200407,0.004,0.1178,-0.1137
20200408,0.0048,0.1178,-0.113
20200409,0.015,0.1348,-0.1198
20200410,0.0142,0.1405,-0.1263
20200413,0.0008,0.1236,-0.1228
20200414,0.0046,0.1316,-0.127
20200415,0.0133,0.1464,-0.133
20200416,0.021,0.1521,-0.1311
20200417,0.0047,0.1351,-0.1305
20200420,0.0167,0.1466,-0.1299
20200421,0.0163,0.1466,-0.1303
20200422,0.0215,0.1467,-0.1252
20200423,-0.0028,0.132,-0.1347
20200424,-0.0038,0.1184,-0.1222
20200427,-0.0148,0.1185,-0.1333
20200428,-0.0266,0.1231,-0.1497
20200430,-0.0419,0.1471,-0.1889
20200501,-0.0341,0.13,-0.1641
20200507,-0.022,0.1303,-0.1523
20200508,0.0006,0.1303,-0.1297
20200511,0.0029,0.0657,-0.0628
20200512,0.0148,0.0353,-0.0205
20200513,-0.001,0.005,-0.006
20200514,0.0042,-0.0081,0.0122
20200515,-0.0007,-0.0151,0.0144
20200518,0.0028,-0.0111,0.0139
20200519,-0.0051,-0.0202,0.0151
20200520,0.009,-0.005,0.0141
20200521,0.011,0.0152,-0.0042
20200522,0.005,0.0172,-0.0122
20200525,0,0.0659,-0.0659
20200526,0.011,0.071,-0.06
20200527,0.0108,0.068,-0.0573
20200528,0.005,0.0629,-0.0579
20200529,0.0057,0.0609,-0.0552
20200601,0.011,0.0559,-0.0449
20200602,0.0123,0.0508,-0.0385
20200603,0.0133,0.0406,-0.0273
20200604,0.019,0.0152,0.0038
20200605,0.0371,-0,0.0371
20200608,0.0515,-0.0051,0.0566
20200609,0.0516,-0.0101,0.0618
20200610,0.0252,-0.0243,0.0495
20200611,0.0304,-0.0162,0.0466
20200612,0.0148,-0.0102,0.0249
20200615,0.0203,0.0102,0.0101
20200616,0.0103,-0,0.0103
20200617,0.0316,0.0153,0.0163
20200618,0.0267,0.0153,0.0114
20200619,0.0209,0.0122,0.0087
20200622,0.0224,0.0102,0.0122
20200623,0.0176,0.0051,0.0125
20200624,0.0168,0.0051,0.0117
20200625,0.0218,0.0092,0.0127
20200626,0.0231,0.0102,0.0129
20200629,0.0177,0.0399,-0.0223
20200630,0.0238,0.0102,0.0136
20200701,0.04,0.0256,0.0144
20200702,0.062,0.0461,0.0159
20200703,0.0459,0.0358,0.0101
20200706,0.024,0.0205,0.0036
20200707,0.0451,0.0359,0.0092
20200708,0.0386,0.04,-0.0014
20200709,0.0183,0.038,-0.0196
20200710,0.0185,0.0359,-0.0175
20200713,0.0188,0.0329,-0.014
20200714,0.0313,0.0452,-0.014
20200715,0.0248,0.036,-0.0112
20200716,0.0249,0.036,-0.0111
20200717,0.014,0.0257,-0.0117
20200720,0.0143,0.0463,-0.032
20200721,0.0254,0.0515,-0.0261
20200722,0.0145,0.0412,-0.0267
20200727,0.0151,0.0413,-0.0262
20200728,0.0212,0.0361,-0.0149
20200729,0.0263,0.0382,-0.0119
20200730,0.0214,0.0361,-0.0147
20200731,0.021,0.031,-0.01
20200803,0.0187,0.0258,-0.0071
20200804,0.0299,0.0362,-0.0063
20200805,0.0191,0.0103,0.0088
20200806,0.0143,-0.0103,0.0246
20200807,0.0244,-0.0103,0.0348
20200811,0.0163,-0.0207,0.0369
20200812,0.0328,0.0052,0.0276
20200813,0.0487,0.0259,0.0228
20200814,0.0417,0.0155,0.0261
20200817,0.0554,0.0301,0.0253
20200818,0.0501,0.0259,0.0242
20200819,0.0446,0.0207,0.0238
20200820,0.0337,0.0208,0.0129
20200821,0.0345,0.026,0.0085
20200824,0.0401,0.0312,0.0089
20200825,0.0292,0.0208,0.0084
20200826,0.0388,0.0208,0.018
20200827,0.0504,0.0208,0.0297
20200828,0.0516,0.0208,0.0308
20200831,0.0679,-0.0052,0.0731
20200901,0.0578,-0.0052,0.063
20200902,0.0519,0.0094,0.0425
20200903,0.0522,0.0198,0.0324
20200904,0.0446,0.0104,0.0342
20200907,0.0501,0.0522,-0.0021
20200908,0.0561,0.0596,-0.0035
20200909,0.0477,0.0523,-0.0045
20200910,0.036,0.0313,0.0046
20200911,0.0368,0.0313,0.0055
20200914,0.0313,0.0314,-0
20200915,0.0312,0.0524,-0.0211
20200916,0.0265,0.0419,-0.0153
20200917,0.0267,0.0419,-0.0152
20200918,0.0218,0.0366,-0.0148
20200923,0.0217,0.0367,-0.015
20200924,0.0169,0.0472,-0.0303
20200925,0.0207,0.0472,-0.0265
20200928,0.0228,0.0473,-0.0244
20200929,0.0391,0.0621,-0.023
20200930,0.034,0.0737,-0.0397
20201001,0.0293,0.0631,-0.0339
20201002,0.0249,0.0526,-0.0277
20201005,0.0198,0.0421,-0.0223
20201006,0.025,0.0368,-0.0119
20201007,0.0364,0.0442,-0.0078
20201008,0.0413,0.0474,-0.0061
20201009,0.0386,0.0474,-0.0089
20201012,0.0346,0.0422,-0.0076
20201013,0.0297,0.0369,-0.0072
20201014,0.0294,0.0412,-0.0117
20201015,0.0326,0.0634,-0.0308
20201016,0.024,0.0581,-0.0341
20201019,0.0244,0.0529,-0.0285
20201020,0.025,0.0582,-0.0332
20201021,0.0251,0.0731,-0.048
20201022,0.0352,0.0689,-0.0337
20201023,0.0347,0.0582,-0.0235
20201026,0.0422,0.0689,-0.0267
20201027,0.0363,0.0636,-0.0273
20201028,0.0308,0.0605,-0.0297
20201029,0.0285,0.0605,-0.032
20201030,0.0316,0.069,-0.0374
20201102,0.0444,0.0691,-0.0247
20201104,0.0482,0.0745,-0.0262
20201105,0.0456,0.0691,-0.0235
20201106,0.0253,0.0532,-0.0278
20201109,0.0228,0.0319,-0.0091
20201110,0.0221,0.0213,0.0008
20201111,0.038,0.0159,0.0221
20201112,0.0433,0.0213,0.022
20201113,0.0333,0.016,0.0173
20201116,0.0277,0.0106,0.017
20201117,0.0278,0.0106,0.0171
20201118,0.0288,0.0106,0.0182
20201119,0.0229,-0,0.0229
20201120,0.0171,-0,0.0171
20201124,0.0166,-0.0053,0.0219
20201125,0.0287,0.0021,0.0266
20201126,0.0231,0.0096,0.0135
20201127,0.029,0.016,0.013
20201130,0.036,0.0203,0.0157
20201201,0.0349,0.0182,0.0167
20201202,0.0241,0.0053,0.0187
20201203,0.0278,0.0096,0.0182
20201204,0.0299,0.0053,0.0246
20201207,0.0309,-0.0107,0.0416
20201208,0.0305,-0.0107,0.0412
20201209,0.0253,-0.0139,0.0392
20201210,0.0254,-0.0161,0.0415
20201211,0.0216,-0.0118,0.0334
20201214,0.0209,-0.0054,0.0263
20201215,0.0204,-0.0107,0.0311
20201216,0.0104,-0.0214,0.0319
20201217,0.0156,-0.0214,0.037
20201218,0.0157,-0.0215,0.0372
20201221,0.0162,-0.0482,0.0644
20201222,0.0221,-0.0483,0.0704
20201223,0.0172,-0.0536,0.0708
20201224,0.0162,-0.0429,0.0592
20201225,0.0273,-0.0376,0.0649
20201228,0.0289,-0.043,0.0719
20201229,0.0307,-0.043,0.0737
20201230,0.031,-0.043,0.0741
20210104,0.0312,-0.028,0.0592
20210105,0.0315,-0.0302,0.0616
20210106,0.0214,-0.0431,0.0645
20210107,0.0264,-0.0463,0.0728
20210108,0.0367,-0.0442,0.0809
20210112,0.0371,-0.0604,0.0975
20210113,0.0322,-0.0701,0.1023
20210114,0.027,-0.0755,0.1025
20210115,0.0324,-0.0648,0.0971
20210118,0.0326,-0.0303,0.0629
20210119,0.0481,-0.0379,0.0859
20210120,0.0445,-0.0595,0.104
20210121,0.0401,-0.1036,0.1437
20210122,0.033,-0.1079,0.1409
20210125,0.0425,-0.108,0.1505
20210126,0.0426,-0.1113,0.1539
20210127,0.0373,-0.0973,0.1346
20210128,0.0428,-0.0769,0.1197
20210129,0.0425,-0.0758,0.1183
20210201,0.0593,-0.0683,0.1277
20210202,0.0659,-0.0813,0.1473
20210203,0.0596,-0.0814,0.1409
20210204,0.0631,-0.0954,0.1586
20210205,0.0603,-0.0976,0.1579
20210208,0.0606,-0.1031,0.1637
20210209,0.0707,-0.1193,0.1901
20210210,0.0714,-0.1194,0.1908
20210212,0.0821,-0.1086,0.1907
20210215,0.0664,-0.1195,0.1859
20210216,0.0825,-0.1088,0.1913
20210217,0.0826,-0.1088,0.1914
20210218,0.1037,-0.0991,0.2028
20210219,0.0988,-0.0937,0.1925
20210222,0.1102,-0.0927,0.2029
20210224,0.1264,-0.0764,0.2028
20210225,0.1265,-0.0765,0.203
20210226,0.1486,-0.0547,0.2033
20210301,0.1701,-0.0383,0.2085
20210302,0.1593,-0.0438,0.2031
20210303,0.1332,-0.0657,0.1989
20210304,0.1191,-0.0657,0.1849
20210305,0.1392,-0.0657,0.2049
20210308,0.0902,-0.1018,0.192
20210309,0.1171,-0.1095,0.2265
20210310,0.1384,-0.1095,0.2479
20210311,0.1336,-0.1074,0.2409
20210312,0.1119,-0.1422,0.2541
20210315,0.1233,-0.1424,0.2657
20210316,0.1185,-0.1478,0.2663
20210317,0.1067,-0.1511,0.2578
20210318,0.1018,-0.1534,0.2552
20210319,0.1129,-0.1458,0.2587
20210322,0.1255,-0.135,0.2605
20210323,0.0873,-0.1482,0.2355
20210324,0.0874,-0.1482,0.2356
20210325,0.0775,-0.1537,0.2311
20210326,0.0954,-0.1461,0.2415
20210329,0.0905,-0.1462,0.2367
20210330,0.0802,-0.1496,0.2297
20210331,0.0996,-0.1387,0.2383
20210401,0.1058,-0.1376,0.2435
20210402,0.1213,-0.1519,0.2732
20210405,0.1161,-0.1575,0.2736
20210406,0.1164,-0.1652,0.2816
20210407,0.1062,-0.1762,0.2824
20210408,0.096,-0.1719,0.2678
20210409,0.096,-0.1708,0.2668
20210412,0.1035,-0.1797,0.2832
20210413,0.1066,-0.182,0.2886
20210414,0.1021,-0.182,0.2841
20210415,0.0896,-0.1963,0.2859
20210416,0.0879,-0.1985,0.2864
20210419,0.087,-0.1987,0.2857
20210420,0.0825,-0.2043,0.2868
20210421,0.082,-0.2043,0.2863
20210422,0.0699,-0.2153,0.2852
20210423,0.065,-0.2045,0.2695
20210426,0.0656,-0.186,0.2516
20210427,0.0704,-0.1641,0.2344
20210428,0.0814,-0.1366,0.2179
20210430,0.0964,-0.1256,0.222
20210506,0.0938,-0.1225,0.2163
20210507,0.0886,-0.1281,0.2167
20210510,0.0862,-0.1316,0.2178
20210511,0.0872,-0.156,0.2431
20210512,0.0753,-0.1615,0.2368
20210513,0.0814,-0.1782,0.2595
20210514,0.0975,-0.1616,0.2591
20210517,0.083,-0.1839,0.2669
20210518,0.077,-0.1867,0.2637
20210519,0.076,-0.1918,0.2678
20210520,0.0721,-0.2018,0.274
20210521,0.0814,-0.1869,0.2683
20210524,0.0832,-0.157,0.2401
20210525,0.0786,-0.162,0.2406
20210526,0.0729,-0.1671,0.24
20210527,0.0734,-0.1671,0.2406
20210528,0.0735,-0.1672,0.2407
20210531,0.0853,-0.1723,0.2577
20210601,0.0806,-0.1824,0.2631
20210602,0.0826,-0.1885,0.2711
20210603,0.0839,-0.1976,0.2815
20210604,0.089,-0.2027,0.2917
20210607,0.0914,-0.2028,0.2942
20210608,0.0845,-0.2059,0.2904
20210609,0.0793,-0.214,0.2933
20210610,0.0738,-0.1829,0.2567
20210611,0.0522,-0.186,0.2382
20210614,0.0363,-0.2083,0.2446
20210615,0.0423,-0.2033,0.2456
20210616,0.0534,-0.1983,0.2518
20210617,0.0537,-0.2135,0.2672
20210618,0.0698,-0.2085,0.2783
20210621,0.0652,-0.2288,0.294
20210622,0.0523,-0.2439,0.2963
20210623,0.0644,-0.244,0.3084
20210624,0.0645,-0.2401,0.3045
20210625,0.0655,-0.2391,0.3047
20210628,0.0609,-0.2393,0.3002
20210629,0.066,-0.2323,0.2984
20210630,0.0661,-0.2294,0.2955
20210701,0.0663,-0.2295,0.2957
20210702,0.0508,-0.2497,0.3005
20210705,0.0413,-0.2408,0.2822
20210706,0.0313,-0.2348,0.2661
20210707,0.0415,-0.2298,0.2714
20210708,0.0314,-0.1894,0.2208
20210709,0.0275,-0.1488,0.1764
20210712,0.0297,-0.1387,0.1684
20210713,0.0298,-0.1235,0.1533
20210714,0.0247,-0.1184,0.143
20210715,0.0188,-0.1286,0.1474
20210716,0.0136,-0.1133,0.1269
20210719,0.0195,-0.1032,0.1227
20210720,0.017,-0.1032,0.1202
20210721,0.0141,-0.0775,0.0916
20210726,0.0144,-0.1085,0.1229
20210727,0.0151,-0.1137,0.1288
20210728,0.0206,-0.1343,0.1549
20210729,0.0153,-0.1548,0.1701
20210730,0.0204,-0.1753,0.1957
20210802,0.0212,-0.1754,0.1966
20210803,0.0213,-0.1806,0.2019
20210804,0.0104,-0.1755,0.186
20210805,0.0051,-0.1705,0.1755
20210806,0.0107,-0.191,0.2017
20210810,0.0166,-0.1861,0.2027
20210811,0.0277,-0.1861,0.2139
20210812,0.0412,-0.1811,0.2223
20210813,0.0279,-0.176,0.2039
20210816,0.0283,-0.1813,0.2095
20210817,0.0174,-0.1865,0.2038
20210818,0.0125,-0.1917,0.2041
20210819,0.0176,-0.1866,0.2041
20210820,0.0177,-0.1866,0.2043
20210823,0.0127,-0.1868,0.1995
20210824,0.0238,-0.1766,0.2004
20210825,0.0232,-0.1766,0.1998
20210826,0.0246,-0.1767,0.2013
20210827,0.0242,-0.1767,0.2009
20210830,0.0295,-0.1717,0.2012
20210831,0.0247,-0.1769,0.2016
20210901,0.0298,-0.1718,0.2016
20210902,0.0359,-0.1667,0.2026
20210903,0.041,-0.1616,0.2026
20210906,0.0465,-0.1576,0.2041
20210907,0.0516,-0.1669,0.2186
20210908,0.0467,-0.1928,0.2396
20210909,0.0519,-0.198,0.2499
20210910,0.047,-0.2035,0.2505
20210913,0.0474,-0.1985,0.2459
20210914,0.0475,-0.1965,0.244
20210915,0.0476,-0.2038,0.2514
20210916,0.0367,-0.2193,0.2561
20210917,0.0478,-0.2194,0.2672
20210921,0.0542,-0.23,0.2842
20210922,0.0433,-0.2455,0.2888
20210924,0.0384,-0.2415,0.28
20210927,0.0592,-0.2407,0.3
20210928,0.06,-0.2408,0.3008
20210929,0.0812,-0.2253,0.3066
20210930,0.0762,-0.2306,0.3068
20211001,0.0765,-0.2441,0.3206
20211004,0.0614,-0.265,0.3264
20211005,0.0563,-0.2723,0.3286
20211006,0.0616,-0.2621,0.3237
20211007,0.083,-0.2931,0.3761
20211008,0.0721,-0.3035,0.3756
20211011,0.0835,-0.3038,0.3872
20211012,0.0946,-0.309,0.4036
20211013,0.0941,-0.3153,0.4094
20211014,0.0888,-0.3174,0.4062
20211015,0.0839,-0.3247,0.4087
20211018,0.0783,-0.3302,0.4084
20211019,0.0949,-0.3354,0.4303
20211020,0.09,-0.3407,0.4307
20211021,0.0951,-0.3469,0.4421
20211022,0.0897,-0.3614,0.4512
20211025,0.0957,-0.3669,0.4626
20211026,0.1012,-0.367,0.4682
20211027,0.1069,-0.364,0.471
20211028,0.1027,-0.3878,0.4905
20211029,0.0912,-0.3879,0.4791
20211101,0.1012,-0.3811,0.4822
20211102,0.096,-0.3368,0.4328
20211104,0.086,-0.309,0.395
20211105,0.0803,-0.3629,0.4433
20211108,0.0641,-0.3891,0.4531
20211109,0.0641,-0.4149,0.479
20211110,0.0684,-0.4202,0.4886
20211111,0.0645,-0.4152,0.4796
20211112,0.0703,-0.4204,0.4907
20211115,0.0765,-0.4465,0.523
20211116,0.0706,-0.4415,0.5121
20211117,0.0777,-0.4313,0.509
20211118,0.0817,-0.4366,0.5183
20211119,0.0879,-0.4058,0.4938
20211122,0.0823,-0.401,0.4833
20211124,0.078,-0.3857,0.4638
20211125,0.0885,-0.391,0.4795
20211126,0.0895,-0.3818,0.4713
20211129,0.0792,-0.3759,0.4551
20211130,0.0791,-0.3708,0.45
20211201,0.0641,-0.3813,0.4454
20211202,0.0692,-0.3658,0.435
20211203,0.0645,-0.3346,0.3991
20211206,0.0595,-0.3464,0.4059
20211207,0.0475,-0.3976,0.4451
20211208,0.0637,-0.3821,0.4458
20211209,0.0576,-0.4134,0.471
20211210,0.0577,-0.4498,0.5076
20211213,0.0631,-0.4916,0.5547
20211214,0.0583,-0.5123,0.5706
20211215,0.0583,-0.5125,0.5707
20211216,0.0585,-0.4713,0.5299
20211217,0.0528,-0.4559,0.5087
20211220,0.0591,-0.4304,0.4895
20211221,0.0483,-0.4336,0.4819
20211222,0.0644,-0.4254,0.4899
20211223,0.0707,-0.4099,0.4806
20211224,0.0758,-0.3996,0.4754
20211227,0.0763,-0.4,0.4763
20211228,0.0764,-0.4001,0.4765
20211229,0.0776,-0.4033,0.4809
20211230,0.0737,-0.4317,0.5054
20220104,0.0884,-0.4166,0.505
20220105,0.1047,-0.4324,0.5371
20220106,0.0999,-0.4743,0.5742
20220107,0.121,-0.4848,0.6059
20220111,0.134,-0.475,0.6089
20220112,0.1528,-0.4543,0.6071
20220113,0.1272,-0.4805,0.6076
20220114,0.1272,-0.4806,0.6079
20220117,0.1497,-0.4633,0.613
20220118,0.1445,-0.4655,0.6101
20220119,0.1497,-0.4709,0.6206
20220120,0.1392,-0.4867,0.6259
20220121,0.145,-0.4816,0.6266
20220124,0.1351,-0.4925,0.6276
20220125,0.1406,-0.4875,0.6281
20220126,0.1408,-0.4876,0.6284
20220127,0.1409,-0.4563,0.5972
20220128,0.1615,-0.4354,0.5969
20220131,0.173,-0.4305,0.6035
20220201,0.1782,-0.4201,0.5983
20220202,0.1893,-0.4097,0.599
20220203,0.1835,-0.4098,0.5933
20220204,0.1842,-0.3994,0.5835
20220207,0.2057,-0.336,0.5417
20220208,0.2058,-0.3201,0.5258
20220209,0.2159,-0.3894,0.6053
20220210,0.2161,-0.3948,0.6109
20220214,0.2331,-0.4006,0.6336
20220215,0.2225,-0.3954,0.6179
20220216,0.2212,-0.3955,0.6167
20220217,0.2238,-0.3903,0.6141
20220218,0.2283,-0.3744,0.6028
20220221,0.2231,-0.3854,0.6085
20220222,0.2118,-0.3962,0.608
20220224,0.1988,-0.4124,0.6112
20220225,0.1932,-0.455,0.6482
20220228,0.2143,-0.4925,0.7068
20220301,0.1886,-0.5559,0.7445
20220302,0.1838,-0.5665,0.7503
20220303,0.1423,-0.6139,0.7562
20220304,0.1783,-0.5931,0.7714
20220307,0.1619,-0.6041,0.7661
20220308,0.1478,-0.6462,0.7939
20220309,0.1631,-0.6828,0.8459
20220310,0.1725,-0.7352,0.9077
20220311,0.1995,-0.7095,0.9091
20220314,0.195,-0.7102,0.9052
20220315,0.2061,-0.7,0.9061
20220316,0.2183,-0.6637,0.882
20220317,0.2115,-0.643,0.8545
20220318,0.2116,-0.6274,0.8391
20220322,0.2192,-0.6387,0.8579
20220323,0.2304,-0.6599,0.8903
20220324,0.2356,-0.6915,0.927
20220325,0.2417,-0.6864,0.9282
20220328,0.2474,-0.6923,0.9396
20220329,0.2624,-0.6925,0.9549
20220330,0.2536,-0.6927,0.9464
20220331,0.2217,-0.6457,0.8674
20220401,0.2206,-0.5879,0.8084
20220404,0.2256,-0.5884,0.814
20220405,0.222,-0.6098,0.8318
20220406,0.2124,-0.6311,0.8435
20220407,0.2387,-0.6376,0.8763
20220408,0.2321,-0.6684,0.9005
20220411,0.2261,-0.669,0.895
20220412,0.2365,-0.6639,0.9004
20220413,0.2419,-0.6746,0.9166
20220414,0.236,-0.6379,0.8739
20220415,0.2365,-0.6434,0.8799
20220418,0.2442,-0.6546,0.8988
20220419,0.2448,-0.6548,0.8996
20220420,0.25,-0.6603,0.9103
20220421,0.2637,-0.6816,0.9453
20220422,0.264,-0.6924,0.9563
20220425,0.2701,-0.7246,0.9948
20220426,0.2664,-0.7354,1.0017
20220427,0.2625,-0.7408,1.0034
20220428,0.2578,-0.7358,0.9936
20220502,0.233,-0.7578,0.9907
20220506,0.2474,-0.7903,1.0376
20220509,0.2609,-0.7962,1.0572
20220510,0.2641,-0.7912,1.0553
20220511,0.2644,-0.7915,1.0559
20220512,0.2603,-0.7496,1.0099
20220513,0.2535,-0.7181,0.9716
20220516,0.2494,-0.724,0.9734
20220517,0.2516,-0.74,0.9916
20220518,0.2508,-0.7402,0.991
20220519,0.2499,-0.7404,0.9903
20220520,0.2479,-0.7501,0.998
20220523,0.2492,-0.7554,1.0046
20220524,0.2503,-0.7225,0.9729
20220525,0.2396,-0.7275,0.967
20220526,0.2179,-0.7087,0.9266
20220527,0.2486,-0.6851,0.9338
20220530,0.2402,-0.6905,0.9307
20220531,0.2447,-0.6954,0.9401
20220601,0.2511,-0.7146,0.9658
20220602,0.2468,-0.767,1.0138
20220603,0.2562,-0.7814,1.0376
20220606,0.2456,-0.7915,1.0371
20220607,0.2567,-0.7633,1.02
20220608,0.2624,-0.7588,1.0212
20220609,0.2619,-0.759,1.0209
20220610,0.258,-0.7592,1.0172
20220613,0.263,-0.7551,1.0181
20220614,0.2815,-0.7553,1.0368
20220615,0.302,-0.7603,1.0623
20220616,0.3291,-0.7605,1.0896
20220617,0.3155,-0.7655,1.081
20220620,0.2967,-0.7709,1.0676
20220621,0.2971,-0.733,1.0301
20220622,0.2923,-0.7523,1.0445
20220623,0.2914,-0.7525,1.0439
20220624,0.2857,-0.7575,1.0431
20220627,0.2865,-0.7581,1.0446
20220628,0.3097,-0.7488,1.0585
20220629,0.314,-0.7585,1.0726
20220630,0.3082,-0.7157,1.0239
20220701,0.3088,-0.7159,1.0247
20220704,0.2928,-0.7261,1.0189
20220705,0.2937,-0.7215,1.0152
20220706,0.2989,-0.7246,1.0235
20220707,0.289,-0.7027,0.9917
20220708,0.279,-0.7029,0.9819
20220711,0.2796,-0.7179,0.9975
20220712,0.2709,-0.7277,0.9986
20220713,0.2659,-0.7135,0.9794
20220714,0.2554,-0.7137,0.9691
20220715,0.2535,-0.7139,0.9674
20220719,0.2493,-0.7147,0.964
20220720,0.2545,-0.7149,0.9694
20220721,0.2606,-0.7248,0.9854
20220722,0.2555,-0.7635,1.0189
20220725,0.2363,-0.7977,1.034
20220726,0.2253,-0.7547,0.98
20220727,0.2307,-0.7501,0.9808
20220728,0.227,-0.7455,0.9725
20220729,0.223,-0.7457,0.9687
20220801,0.197,-0.727,0.9241
20220802,0.2012,-0.7273,0.9284
20220803,0.1846,-0.7275,0.9121
20220804,0.2007,-0.684,0.8847
20220805,0.1844,-0.7085,0.8929
20220808,0.1742,-0.7091,0.8833
20220809,0.1823,-0.7045,0.8867
20220810,0.172,-0.7192,0.8912
20220812,0.2006,-0.7099,0.9105
20220815,0.1957,-0.7348,0.9305
20220816,0.1946,-0.7253,0.9199
20220817,0.1754,-0.7352,0.9106
20220818,0.188,-0.7209,0.9089
20220819,0.2041,-0.7356,0.9398
20220822,0.2072,-0.7266,0.9337
20220823,0.2338,-0.7413,0.9752
20220824,0.2283,-0.7318,0.9602
20220825,0.2342,-0.7466,0.9809
20220826,0.2446,-0.7517,0.9963
20220829,0.2339,-0.7621,0.9959
20220830,0.2609,-0.772,1.0329
20220831,0.2439,-0.7819,1.0258
20220901,0.2439,-0.787,1.0309
20220902,0.2596,-0.7727,1.0322
20220905,0.2668,-0.7733,1.0401
20220906,0.2574,-0.7833,1.0407
20220907,0.2676,-0.7787,1.0463
20220908,0.283,-0.7886,1.0716
20220909,0.2843,-0.7596,1.0439
20220912,0.29,-0.7556,1.0456
20220913,0.2901,-0.751,1.0411
20220914,0.2777,-0.761,1.0387
20220915,0.2898,-0.7709,1.0607
20220916,0.2959,-0.7614,1.0573
20220920,0.3019,-0.7623,1.0642
20220921,0.3072,-0.7576,1.0647
20220922,0.3184,-0.7431,1.0615
20220926,0.2985,-0.7538,1.0523
20220927,0.3259,-0.7344,1.0602
20220928,0.3461,-0.7277,1.0738
20220929,0.3363,-0.72,1.0563
20220930,0.3201,-0.7252,1.0453
20221003,0.3128,-0.7258,1.0386
20221004,0.3044,-0.726,1.0304
20221005,0.2899,-0.7311,1.0211
20221006,0.2937,-0.7215,1.0152
20221007,0.2997,-0.7266,1.0263
20221011,0.3149,-0.7304,1.0453
20221012,0.3341,-0.7227,1.0569
20221013,0.3351,-0.723,1.0581
20221014,0.3357,-0.7232,1.0589
20221017,0.3352,-0.7238,1.0589
20221018,0.3546,-0.7141,1.0687
20221019,0.3536,-0.7242,1.0778
20221020,0.3619,-0.7244,1.0863
20221021,0.3831,-0.7543,1.1375
20221024,0.3986,-0.755,1.1536
20221025,0.4049,-0.7453,1.1502
20221026,0.396,-0.7307,1.1267
20221027,0.3846,-0.7259,1.1105
20221028,0.3459,-0.7311,1.077
20221031,0.3186,-0.7615,1.0801
20221101,0.3065,-0.7617,1.0682
20221102,0.3172,-0.7222,1.0394
20221104,0.3075,-0.7226,1.0302
20221107,0.3281,-0.7183,1.0464
20221108,0.3289,-0.7434,1.0723
20221109,0.3499,-0.7585,1.1084
20221110,0.3276,-0.7687,1.0963
20221111,0.316,-0.7689,1.0849
20221114,0.2816,-0.7247,1.0063
20221115,0.3066,-0.725,1.0316
20221116,0.2962,-0.67,0.9663
20221117,0.3074,-0.6199,0.9273
20221118,0.3028,-0.6604,0.9632
20221121,0.3136,-0.6761,0.9897
20221122,0.3149,-0.7064,1.0213
20221124,0.3184,-0.7469,1.0653
20221125,0.3198,-0.7471,1.0669
20221128,0.361,-0.7428,1.1037
20221129,0.3633,-0.738,1.1013
20221130,0.3722,-0.7382,1.1104
20221201,0.3634,-0.7284,1.0918
20221202,0.3484,-0.6934,1.0418
20221205,0.36,-0.6384,0.9984
20221206,0.3758,-0.6386,1.0144
20221207,0.3867,-0.6438,1.0305
20221208,0.3714,-0.6389,1.0104
20221209,0.3593,-0.6391,0.9984
20221212,0.3463,-0.6356,0.9819
20221213,0.3626,-0.6348,0.9974
20221214,0.3577,-0.6452,1.0028
20221215,0.344,-0.6403,0.9843
20221216,0.3636,-0.6201,0.9836
20221219,0.3615,-0.6359,0.9974
20221220,0.3699,-0.6157,0.9856
20221221,0.4771,-0.5339,1.0109
20221222,0.5382,-0.4565,0.9947
20221223,0.4636,-0.5084,0.972
20221226,0.4822,-0.5192,1.0013
20221227,0.5284,-0.4572,0.9855
20221228,0.5496,-0.4365,0.9861
20221229,0.5505,-0.4157,0.9663
20221230,0.5603,-0.4835,1.0438
20230104,0.537,-0.4635,1.0004
20230105,0.5756,-0.3642,0.9398
20230106,0.56,-0.2851,0.845
20230110,0.557,-0.296,0.853
20230111,0.5963,-0.2802,0.8764
20230112,0.6003,-0.2484,0.8486
20230113,0.661,-0.1628,0.8238
20230116,0.6895,-0.0711,0.7606
20230117,0.6704,-0.0711,0.7415
20230118,0.6908,-0.0874,0.7781
20230119,0.6189,-0.1738,0.7927
20230120,0.5918,-0.2115,0.8033
20230123,0.5382,-0.2545,0.7927
20230124,0.4743,-0.2866,0.761
20230125,0.4984,-0.2867,0.7851
20230126,0.5333,-0.2119,0.7452
20230127,0.5678,-0.2495,0.8173
20230130,0.6488,-0.239,0.8878
20230131,0.6356,-0.2229,0.8585
20230201,0.6689,-0.1907,0.8596
20230202,0.6237,-0.2015,0.8252
20230203,0.5999,-0.2016,0.8015
20230206,0.5645,-0.2018,0.7663
20230207,0.5937,-0.1856,0.7793
20230208,0.5999,-0.1641,0.764
20230209,0.5997,-0.1641,0.7638
20230210,0.6103,-0.1966,0.8069
20230213,0.6259,-0.1968,0.8227
20230214,0.6315,-0.1915,0.8229
20230215,0.6213,-0.2023,0.8236
20230216,0.6165,-0.1916,0.8081
20230217,0.6383,-0.1699,0.8083
20230220,0.6653,-0.181,0.8463
20230221,0.671,-0.181,0.852
20230222,0.688,-0.1593,0.8473
20230224,0.6831,-0.154,0.8371
20230227,0.6452,-0.1759,0.8211
20230228,0.6532,-0.1651,0.8183
20230301,0.5946,-0.176,0.7706
20230302,0.6003,-0.1761,0.7764
20230303,0.6289,-0.1488,0.7777
20230306,0.6339,-0.1872,0.8211
20230307,0.6602,-0.209,0.8692
20230308,0.6445,-0.2199,0.8644
20230309,0.6463,-0.22,0.8664
20230310,0.6757,-0.1385,0.8142
20230313,0.5842,-0.1933,0.7776
20230314,0.5208,-0.2478,0.7686
20230315,0.4018,-0.356,0.7577
20230316,0.4439,-0.3291,0.773
20230317,0.3971,-0.383,0.7802
20230320,0.4079,-0.3834,0.7913
20230322,0.3544,-0.4105,0.7648
20230323,0.4166,-0.3461,0.7627
20230324,0.3898,-0.3677,0.7576
20230327,0.3747,-0.3734,0.7481
20230328,0.3858,-0.3682,0.754
20230329,0.3958,-0.3575,0.7532
20230330,0.3859,-0.3306,0.7164
20230331,0.4101,-0.309,0.719
20230403,0.4426,-0.2984,0.741
20230404,0.4815,-0.2876,0.7691
20230405,0.5179,-0.244,0.7619
20230406,0.5163,-0.2659,0.7823
20230407,0.5074,-0.2606,0.7679
20230410,0.4935,-0.2499,0.7433
20230411,0.5014,-0.239,0.7404
20230412,0.4884,-0.2171,0.7055
20230413,0.4986,-0.2062,0.7048
20230414,0.4939,-0.2095,0.7034
20230417,0.4972,-0.2284,0.7256
20230418,0.5308,-0.212,0.7428
20230419,0.5188,-0.2176,0.7363
20230420,0.519,-0.2462,0.7652
20230421,0.5155,-0.254,0.7695
20230424,0.4944,-0.2894,0.7837
20230425,0.5049,-0.3277,0.8327
20230426,0.5093,-0.3715,0.8808
20230427,0.4761,-0.3988,0.8749
20230428,0.479,-0.3989,0.8778
20230501,0.4138,-0.4589,0.8726
20230502,0.4217,-0.4946,0.9163
20230508,0.4386,-0.4977,0.9363
20230509,0.4283,-0.5119,0.9402
20230510,0.4394,-0.5088,0.9482
20230511,0.4286,-0.5198,0.9484
20230512,0.4041,-0.5156,0.9197
20230515,0.4041,-0.4999,0.9039
20230516,0.4256,-0.4556,0.8812
20230517,0.412,-0.4883,0.9003
20230518,0.3756,-0.564,0.9397
20230519,0.3996,-0.548,0.9477
20230522,0.4172,-0.5269,0.9441
20230523,0.4002,-0.5703,0.9705
20230524,0.4116,-0.6273,1.039
20230525,0.4221,-0.6371,1.0592
20230526,0.4445,-0.6707,1.1151
20230529,0.4386,-0.7188,1.1574
20230530,0.4596,-0.6905,1.15
20230531,0.451,-0.7476,1.1986
20230601,0.449,-0.762,1.211
20230602,0.4344,-0.7953,1.2297
20230605,0.4291,-0.8007,1.2298
20230606,0.4547,-0.8132,1.2679
20230607,0.4414,-0.8247,1.2661
20230608,0.4304,-0.8296,1.26
20230609,0.4559,-0.8534,1.3093
20230612,0.4551,-0.9057,1.3607
20230613,0.4503,-0.8637,1.314
20230614,0.4405,-0.7933,1.2338
20230615,0.4507,-0.765,1.2157
20230616,0.4472,-0.7462,1.1934
20230619,0.4217,-0.7373,1.1591
20230620,0.4109,-0.728,1.1389
20230621,0.4061,-0.733,1.1391
20230622,0.3963,-0.7523,1.1486
20230623,0.3964,-0.7715,1.168
20230626,0.392,-0.7722,1.1641
20230627,0.3773,-0.7867,1.164
20230628,0.3977,-0.7964,1.1941
20230629,0.413,-0.7823,1.1954
20230630,0.4119,-0.7826,1.1944
20230703,0.4276,-0.7642,1.1917
20230704,0.4326,-0.7452,1.1779
20230705,0.3993,-0.7167,1.116
20230706,0.3837,-0.7025,1.0862
20230707,0.4108,-0.6786,1.0894
20230710,0.4415,-0.7273,1.1688
20230711,0.4891,-0.6697,1.1589
20230712,0.4737,-0.6989,1.1725
20230713,0.5144,-0.7087,1.2231
20230714,0.5046,-0.7089,1.2135
20230718,0.5213,-0.7193,1.2406
20230719,0.5265,-0.7195,1.2461
20230720,0.4977,-0.7005,1.1982
20230721,0.4866,-0.7103,1.1969
20230724,0.4966,-0.7206,1.2172
20230725,0.4596,-0.7545,1.2141
20230726,0.4654,-0.7595,1.2249
20230727,0.4502,-0.7694,1.2195
20230728,0.4411,-0.7792,1.2203
20230731,0.5508,-0.6978,1.2486
20230801,0.6087,-0.6786,1.2873
20230802,0.5985,-0.6836,1.2822
20230803,0.6303,-0.6351,1.2655
20230804,0.6606,-0.5962,1.2567
20230807,0.6504,-0.5623,1.2127
20230808,0.6281,-0.5476,1.1757
20230809,0.6128,-0.5478,1.1606
20230810,0.572,-0.5628,1.1347
20230814,0.5928,-0.5436,1.1365
20230815,0.6271,-0.5141,1.1412
20230816,0.6337,-0.5043,1.138
20230817,0.6309,-0.5044,1.1353
20230818,0.6583,-0.4897,1.1479
20230821,0.631,-0.515,1.146
20230822,0.6566,-0.4902,1.1468
20230823,0.6725,-0.4953,1.1678
20230824,0.6824,-0.4955,1.1779
20230825,0.6522,-0.5255,1.1777
20230828,0.6629,-0.5409,1.2037
20230829,0.6689,-0.5658,1.2347
20230830,0.6488,-0.5808,1.2296
20230831,0.659,-0.5513,1.2102
20230901,0.6542,-0.5415,1.1957
20230904,0.634,-0.527,1.161
20230905,0.65,-0.5122,1.1622
20230906,0.664,-0.5073,1.1713
20230907,0.6601,-0.5025,1.1626
20230908,0.6653,-0.4826,1.1479
20230911,0.6523,-0.5183,1.1707
20230912,0.7141,-0.4884,1.2025
20230913,0.717,-0.4836,1.2006
20230914,0.7127,-0.5038,1.2164
20230915,0.7129,-0.4788,1.1917
20230919,0.7127,-0.4794,1.1921
20230920,0.7259,-0.4644,1.1903
20230921,0.7281,-0.4947,1.2228
20230922,0.7553,-0.4999,1.2552
20230925,0.7529,-0.5355,1.2884
20230926,0.7351,-0.5557,1.2907
20230927,0.7471,-0.5408,1.2879
20230928,0.7464,-0.5309,1.2773
20230929,0.7665,-0.5059,1.2724
20231002,0.7781,-0.4963,1.2745
20231003,0.7856,-0.4914,1.277
20231004,0.7666,-0.5016,1.2682
20231005,0.8118,-0.4512,1.263
20231006,0.8064,-0.4615,1.2679
20231010,0.8049,-0.4671,1.272
20231011,0.7757,-0.4976,1.2733
20231012,0.7748,-0.5028,1.2776
20231013,0.755,-0.5181,1.2731
20231016,0.7648,-0.5084,1.2732
20231017,0.7557,-0.5238,1.2794
20231018,0.7858,-0.4986,1.2844
20231019,0.811,-0.4683,1.2793
20231020,0.8448,-0.4328,1.2776
20231023,0.8408,-0.4383,1.2791
20231024,0.8677,-0.4384,1.3061
20231025,0.847,-0.4334,1.2804
20231026,0.8572,-0.4438,1.301
20231027,0.89,-0.4541,1.3441
20231030,0.883,-0.4647,1.3477
20231031,0.9028,-0.4852,1.388
20231101,0.9569,-0.4905,1.4474
20231102,0.9603,-0.5059,1.4662
20231106,0.9187,-0.5421,1.4607
20231107,0.8748,-0.5321,1.4068
20231108,0.8809,-0.5322,1.4131
20231109,0.8522,-0.5425,1.3948
20231110,0.8429,-0.5528,1.3957
20231113,0.8606,-0.5381,1.3987
20231114,0.8792,-0.5077,1.3869
20231115,0.8588,-0.5231,1.3819
20231116,0.8056,-0.5893,1.3949
20231117,0.7986,-0.6199,1.4185
20231120,0.764,-0.6557,1.4197
20231121,0.7515,-0.666,1.4175
20231122,0.7066,-0.7114,1.418
20231124,0.7418,-0.6767,1.4184
20231127,0.7856,-0.6571,1.4427
20231128,0.7861,-0.6522,1.4383
20231129,0.7665,-0.6827,1.4492
20231130,0.6922,-0.693,1.3851
20231201,0.6915,-0.7083,1.3998
20231204,0.7179,-0.6988,1.4167
20231205,0.7091,-0.7141,1.4233
20231206,0.6875,-0.7194,1.4069
20231207,0.667,-0.7297,1.3967
20231208,0.774,-0.6542,1.4281
20231211,0.796,-0.609,1.405
20231212,0.7996,-0.6041,1.4036
20231213,0.759,-0.6348,1.3938
20231214,0.7103,-0.6655,1.3757
20231215,0.6955,-0.6859,1.3815
20231218,0.7304,-0.6459,1.3763
20231219,0.6916,-0.6206,1.3123
20231220,0.6639,-0.6055,1.2694
20231221,0.5781,-0.6516,1.2297
20231222,0.6093,-0.6007,1.2101
20231225,0.6511,-0.5859,1.237
20231226,0.6374,-0.6015,1.2389
20231227,0.6567,-0.5914,1.2481
20231228,0.6228,-0.6427,1.2656
20231229,0.6172,-0.6429,1.2601
20240104,0.6497,-0.5979,1.2476
20240105,0.6491,-0.6135,1.2627
20240109,0.635,-0.645,1.28
20240110,0.615,-0.6657,1.2807
20240111,0.6195,-0.6608,1.2803
20240112,0.6043,-0.6814,1.2857
20240115,0.5909,-0.6974,1.2883
20240116,0.5619,-0.7231,1.285
20240117,0.5945,-0.6927,1.2872
20240118,0.6107,-0.7184,1.3291
20240119,0.6585,-0.739,1.3976
20240122,0.6743,-0.7244,1.3987
20240123,0.6586,-0.745,1.4036
20240124,0.6441,-0.7453,1.3893
20240125,0.7211,-0.7353,1.4563
20240126,0.7509,-0.7099,1.4609
20240129,0.7208,-0.7157,1.4365
20240130,0.7259,-0.6954,1.4213
20240131,0.7112,-0.6699,1.3811
20240201,0.7369,-0.6392,1.3761
20240202,0.6972,-0.6394,1.3365
20240205,0.6658,-0.6451,1.311
20240206,0.7257,-0.5257,1.2515
20240207,0.7233,-0.5207,1.244
20240208,0.7157,-0.5208,1.2366
20240209,0.706,-0.5157,1.2218
20240213,0.7327,-0.5111,1.2439
20240214,0.7346,-0.527,1.2616
20240215,0.7646,-0.5167,1.2812
20240216,0.7354,-0.5326,1.268
20240219,0.7358,-0.5383,1.2741
20240220,0.736,-0.5385,1.2745
20240221,0.7378,-0.5281,1.2659
20240222,0.7311,-0.5702,1.3013
20240226,0.7262,-0.5971,1.3233
20240227,0.6975,-0.639,1.3365
20240228,0.7014,-0.66,1.3614
20240229,0.7122,-0.6498,1.362
20240301,0.7274,-0.65,1.3774
20240304,0.7284,-0.6088,1.3372
20240305,0.7236,-0.588,1.3117
20240306,0.7138,-0.5882,1.3021
20240307,0.7241,-0.5779,1.302
20240308,0.7402,-0.5676,1.3077
20240311,0.7462,-0.5473,1.2935
20240312,0.7762,-0.5263,1.3026
20240313,0.7816,-0.5,1.2815
20240314,0.7718,-0.5213,1.2931
20240315,0.792,-0.5268,1.3187
20240318,0.8026,-0.5431,1.3457
20240319,0.7729,-0.5855,1.3584
20240321,0.7443,-0.6332,1.3775
20240322,0.7595,-0.6387,1.3982
20240325,0.7592,-0.6393,1.3985
20240326,0.7453,-0.6552,1.4006
20240327,0.7572,-0.6607,1.4179
20240328,0.7366,-0.6818,1.4184
20240329,0.7264,-0.6925,1.419
20240401,0.7454,-0.6722,1.4176
20240402,0.7622,-0.6566,1.4188
20240403,0.7695,-0.6673,1.4368
20240404,0.7697,-0.7043,1.474
20240405,0.7791,-0.7567,1.5359
20240408,0.7707,-0.7574,1.5281
20240409,0.7898,-0.7524,1.5422
20240410,0.785,-0.7683,1.5533
20240411,0.7996,-0.7529,1.5525
20240412,0.8541,-0.7427,1.5968
20240415,0.8638,-0.7329,1.5966
20240416,0.8624,-0.7331,1.5955
20240417,0.8695,-0.7281,1.5976
20240418,0.8897,-0.702,1.5918
20240419,0.87,-0.718,1.588
20240422,0.8359,-0.7502,1.5861
20240423,0.8855,-0.7189,1.6044
20240424,0.8851,-0.7612,1.6463
20240425,0.8903,-0.693,1.5833
20240426,0.8956,-0.6721,1.5676
20240430,0.9284,-0.6304,1.5588
20240501,0.8786,-0.6784,1.557
20240502,0.8988,-0.668,1.5668
20240507,0.9097,-0.6637,1.5734
20240508,0.8813,-0.7222,1.6035
20240509,0.8862,-0.6854,1.5716
20240510,0.916,-0.6537,1.5697
20240513,0.9168,-0.6383,1.5551
20240514,0.9471,-0.585,1.5321
20240515,0.9671,-0.5905,1.5577
20240516,0.9584,-0.6282,1.5866
20240517,0.9294,-0.6551,1.5845
20240520,0.9544,-0.6397,1.5941
20240521,0.9839,-0.5935,1.5774
20240522,0.9902,-0.6032,1.5934
20240523,1.0044,-0.6178,1.6222
20240524,1.0091,-0.5651,1.5742
20240527,1.0136,-0.5366,1.5503
20240528,1.0284,-0.5368,1.5651
20240529,1.044,-0.5272,1.5712
20240530,1.0843,-0.4886,1.5729
20240531,1.0652,-0.5081,1.5733
20240603,1.0775,-0.494,1.5715
20240604,1.0671,-0.5039,1.571
20240605,1.0416,-0.5331,1.5748
20240606,1.0071,-0.5623,1.5694
20240607,0.9641,-0.6059,1.57
20240610,0.9831,-0.6161,1.5992
20240611,1.044,-0.5583,1.6022
20240612,1.0325,-0.5681,1.6006
20240613,0.9987,-0.5876,1.5863
20240614,0.9808,-0.6071,1.5879
20240617,0.9465,-0.6558,1.6023
20240618,0.9466,-0.6608,1.6074
20240619,0.9619,-0.6465,1.6084
20240620,0.9521,-0.6563,1.6085
20240621,0.9724,-0.6373,1.6097
20240624,0.9991,-0.6137,1.6128
20240625,1.0106,-0.6042,1.6148
20240626,1.0199,-0.5946,1.6145
20240627,1.0461,-0.5948,1.6409
20240628,1.0935,-0.5561,1.6496
20240701,1.0631,-0.5028,1.5659
20240702,1.0833,-0.4686,1.5518
20240703,1.1034,-0.4539,1.5573
20240704,1.0993,-0.459,1.5582
20240705,1.0857,-0.4788,1.5645
20240708,1.0726,-0.4989,1.5715
20240709,1.0919,-0.4793,1.5713
20240710,1.078,-0.4942,1.5723
20240711,1.0923,-0.4944,1.5867
20240712,1.0878,-0.4994,1.5873
20240716,1.0549,-0.5344,1.5893
20240717,1.0318,-0.5542,1.586
20240718,1.0414,-0.5396,1.581
20240719,1.047,-0.5201,1.5671
20240722,1.0525,-0.486,1.5386
20240723,1.0635,-0.4614,1.5249
20240724,1.0721,-0.4467,1.5188
20240725,1.082,-0.4667,1.5487
20240726,1.0771,-0.4519,1.529
20240729,1.0669,-0.4771,1.544
20240730,1.0372,-0.5069,1.5442
20240731,1.0108,-0.517,1.5278
20240801,1.071,-0.4626,1.5336
20240802,1.0468,-0.4826,1.5294
20240805,0.9746,-0.483,1.4577
20240806,0.7774,-0.1961,0.9735
20240807,0.9081,-0.4684,1.3765
20240808,0.8985,-0.5033,1.4018
20240809,0.8533,-0.5232,1.3765
20240813,0.8794,-0.4742,1.3536
20240814,0.8647,-0.4892,1.3539
20240815,0.8297,-0.5093,1.339
20240816,0.8592,-0.4845,1.3438
20240819,0.8971,-0.48,1.3771
20240820,0.9134,-0.4901,1.4035
20240821,0.9147,-0.5052,1.4199
20240822,0.8947,-0.5202,1.4149
20240823,0.8993,-0.5303,1.4296
20240826,0.9213,-0.5059,1.4272
20240827,0.9108,-0.4661,1.3769
20240828,0.9059,-0.4712,1.3771
20240829,0.9222,-0.4613,1.3836
20240830,0.9175,-0.4615,1.379
20240902,0.9235,-0.4669,1.3904
20240903,0.9382,-0.457,1.3951
20240904,0.9519,-0.4571,1.4091
20240905,0.9132,-0.4873,1.4006
20240906,0.9012,-0.4825,1.3837
20240909,0.877,-0.4829,1.3599
20240910,0.9195,-0.4481,1.3676
20240911,0.92,-0.4432,1.3632
20240912,0.881,-0.408,1.289
20240913,0.896,-0.398,1.2939
20240917,0.8762,-0.3781,1.2544
20240918,0.8625,-0.363,1.2255
20240919,0.8598,-0.3376,1.1974
20240920,0.8901,-0.307,1.1972
20240924,0.9013,-0.3074,1.2087
20240925,0.8458,-0.3586,1.2044
20240926,0.8489,-0.3995,1.2484
20240927,0.8722,-0.3894,1.2616
20240930,0.8482,-0.4152,1.2634
20241001,0.8942,-0.3541,1.2483
20241002,0.8937,-0.3645,1.2582
20241003,0.8592,-0.4308,1.29
20241004,0.866,-0.4258,1.2918
20241007,0.886,-0.3956,1.2816
20241008,0.9259,-0.3753,1.3012
20241009,0.9267,-0.3652,1.2919
20241010,0.9362,-0.3704,1.3066
20241011,0.9599,-0.3603,1.3202
20241015,0.9503,-0.3966,1.3469
20241016,0.974,-0.3865,1.3604
20241017,0.9559,-0.3866,1.3424
20241018,0.9658,-0.3713,1.3371
20241021,0.972,-0.3613,1.3333
20241022,0.9626,-0.3666,1.3292
20241023,0.9826,-0.341,1.3235
20241024,0.9829,-0.3411,1.3239
20241025,0.9635,-0.3875,1.351
20241028,0.9546,-0.4083,1.3629
20241029,0.9787,-0.3828,1.3615
20241030,0.979,-0.3829,1.3619
20241031,0.9603,-0.3779,1.3382
20241101,0.9462,-0.378,1.3242
20241105,0.9528,-0.3526,1.3054
20241106,0.943,-0.3527,1.2958
20241107,0.9897,-0.3373,1.327
20241108,1.0155,-0.3062,1.3218
20241111,1.012,-0.2961,1.3081
20241112,1.0073,-0.3637,1.371
20241113,1.018,-0.3534,1.3714
20241114,1.0512,-0.3432,1.3944
20241115,1.0688,-0.3381,1.4068
20241118,1.081,-0.3488,1.4298
20241119,1.0816,-0.3489,1.4305
20241120,1.0735,-0.3542,1.4277
20241121,1.0741,-0.3543,1.4284
20241122,1.1024,-0.344,1.4463
20241125,1.0885,-0.3599,1.4484
20241126,1.0801,-0.36,1.44
20241127,1.0703,-0.3549,1.4252
20241128,1.081,-0.3446,1.4256
20241129,1.0644,-0.3811,1.4455
20241202,1.061,-0.3762,1.4372
20241203,1.0896,-0.3503,1.44
20241204,1.0906,-0.3504,1.441
20241205,1.0675,-0.3766,1.4441
20241206,1.0821,-0.3767,1.4588
20241209,1.068,-0.3718,1.4398
20241210,1.0525,-0.3875,1.44
20241211,1.0777,-0.3772,1.4549
20241212,1.0839,-0.3773,1.4612
20241213,1.0631,-0.4191,1.4822
20241216,1.055,-0.4402,1.4953
20241217,1.0813,-0.4404,1.5217
20241218,1.0916,-0.4301,1.5217
20241219,1.0769,-0.4614,1.5383
20241220,1.0961,-0.4771,1.5732
20241223,1.0669,-0.5189,1.5858
20241224,1.0812,-0.5035,1.5847
20241225,1.0863,-0.4778,1.5641
20241226,1.0826,-0.4416,1.5241
20241227,1.1038,-0.4,1.5038
20241230,1.1186,-0.4003,1.5189
20250106,1.1105,-0.4116,1.5221
20250107,1.1453,-0.4013,1.5466
20250108,1.1482,-0.3961,1.5443
20250109,1.1815,-0.3805,1.562
20250110,1.1775,-0.3806,1.5581
20250114,1.2025,-0.3705,1.573
20250115,1.2469,-0.339,1.5858
20250116,1.255,-0.3391,1.5941
20250117,1.208,-0.3761,1.5841
20250120,1.2069,-0.387,1.594
20250121,1.1971,-0.3977,1.5948
20250122,1.1923,-0.4031,1.5954
20250123,1.2025,-0.3926,1.5952
20250124,1.2139,-0.398,1.6119
20250127,1.2391,-0.4248,1.6639
20250128,1.2248,-0.4301,1.6549
20250129,1.2009,-0.4197,1.6206
20250130,1.2007,-0.4146,1.6153
20250131,1.2204,-0.3671,1.5875
20250203,1.2511,-0.3781,1.6292
20250204,1.2558,-0.3782,1.634
20250205,1.2831,-0.3571,1.6402
20250206,1.2889,-0.3678,1.6566
20250207,1.2696,-0.3519,1.6216
20250210,1.3082,-0.3203,1.6285
20250212,1.3189,-0.3205,1.6394
20250213,1.3483,-0.2938,1.6421
20250214,1.3564,-0.2939,1.6503
20250217,1.3572,-0.2995,1.6567
20250218,1.3891,-0.2889,1.678
20250219,1.4324,-0.2567,1.689
20250220,1.4336,-0.2514,1.6849
20250221,1.4431,-0.246,1.6891
20250225,1.4283,-0.2679,1.6962
20250226,1.3852,-0.268,1.6532
20250227,1.3738,-0.2735,1.6472
20250228,1.398,-0.2574,1.6554
20250303,1.3788,-0.2576,1.6364
20250304,1.4122,-0.236,1.6482
20250305,1.4266,-0.2252,1.6519
20250306,1.4503,-0.209,1.6593
20250307,1.5194,-0.1764,1.6958
20250310,1.5244,-0.1768,1.7012
20250311,1.5755,-0.155,1.7304
20250312,1.5108,-0.1933,1.7041
20250313,1.5252,-0.1715,1.6967
20250314,1.5476,-0.1496,1.6972
20250317,1.5223,-0.1608,1.683
20250318,1.5126,-0.1498,1.6624
20250319,1.5059,-0.1444,1.6503
20250321,1.5234,-0.1004,1.6238
20250324,1.5283,-0.106,1.6343
20250325,1.5435,-0.0895,1.633
20250326,1.5767,-0.0784,1.6551
20250327,1.582,-0.084,1.6659
20250328,1.5871,-0.0729,1.66
20250331,1.55,-0.0896,1.6396
20250401,1.494,-0.145,1.6389
20250402,1.5109,-0.145,1.6559
20250403,1.483,-0.1726,1.6556
20250404,1.3649,-0.2221,1.587
20250407,1.1762,-0.3152,1.4914
20250408,1.1297,-0.2935,1.4232
20250409,1.2682,-0.2389,1.5071
20250410,1.2835,-0.1066,1.3901
20250411,1.3778,-0.0621,1.4399
20250414,1.358,-0.0286,1.3866
20250415,1.3497,0.0953,1.2543
20250416,1.3763,-0.0398,1.4161
20250417,1.3046,0.0051,1.2995
20250418,1.3209,-0.0398,1.3608
20250421,1.3023,-0.1069,1.4092
20250422,1.3029,-0.1292,1.4322
20250423,1.3239,-0.1847,1.5086
20250424,1.3418,-0.1848,1.5266
20250425,1.3271,-0.2125,1.5396
20250428,1.3489,-0.2127,1.5616
20250430,1.329,-0.2294,1.5584
20250501,1.3303,-0.2405,1.5708
20250502,1.2912,-0.2847,1.5759
20250507,1.2833,-0.3126,1.5959
20250508,1.3177,-0.3127,1.6304
20250509,1.342,-0.3183,1.6603
20250512,1.3716,-0.3076,1.6792
20250513,1.4054,-0.2967,1.702
20250514,1.4591,-0.2692,1.7282
20250515,1.4652,-0.2692,1.7344
20250516,1.4911,-0.2583,1.7494
20250519,1.4651,-0.2585,1.7236
20250520,1.493,-0.2364,1.7294
20250521,1.5304,-0.2142,1.7446
20250522,1.5328,-0.1752,1.708
20250523,1.5727,-0.0306,1.6033
20250526,1.558,-0.0763,1.6343
20250527,1.5204,-0.1117,1.6321
20250528,1.4797,-0.1521,1.6318
20250529,1.5305,-0.127,1.6574
20250530,1.5335,-0.0916,1.6251
20250602,1.5181,-0.0815,1.5996
20250603,1.5209,-0.0409,1.5617
20250604,1.4978,-0.0205,1.5182
20250605,1.5164,-0.0205,1.5368
20250606,1.4793,-0.0358,1.5151
20250609,1.4753,-0.0409,1.5162
20250610,1.4895,-0.0205,1.51
20250611,1.4984,-0.0154,1.5138
20250612,1.4806,-0.0307,1.5113
20250613,1.4762,-0.0307,1.5069
20250616,1.424,-0.0512,1.4753
20250617,1.4762,-0.0103,1.4865
20250618,1.4927,0.0051,1.4875
20250619,1.4729,-0.0154,1.4883
20250620,1.4351,-0.0564,1.4916
20250623,1.4191,-0.0565,1.4755
20250624,1.4284,-0.0462,1.4746
20250625,1.4367,-0.036,1.4727
20250626,1.4218,-0.0565,1.4783
20250627,1.4394,-0.0565,1.4959
20250630,1.4544,-0.0617,1.5161
20250701,1.4546,-0.0668,1.5215
20250702,1.4183,-0.0976,1.5158
20250703,1.4325,-0.0822,1.5148
20250704,1.4476,-0.1129,1.5606
20250707,1.4439,-0.113,1.557
20250708,1.4642,-0.1131,1.5773
20250709,1.4941,-0.108,1.6021
20250710,1.5079,-0.1029,1.6108
20250711,1.4998,-0.1029,1.6027
20250714,1.5085,-0.0979,1.6064
20250715,1.5753,-0.0671,1.6424
20250716,1.5894,-0.062,1.6513
20250717,1.5757,-0.0723,1.648
20250718,1.562,-0.0775,1.6394
20250722,1.5291,-0.0827,1.6118
20250723,1.5118,-0.093,1.6048
20250724,1.599,-0.0415,1.6405
20250725,1.604,-0.0415,1.6455
20250728,1.605,-0.0415,1.6465
20250729,1.5707,-0.0156,1.5863
20250730,1.5652,0.0104,1.5548
20250731,1.566,0.0208,1.5451
20250801,1.5619,0.0208,1.541
20250804,1.5638,0.0365,1.5273
20250805,1.5217,0.0052,1.5164
20250806,1.4874,-0.0104,1.4978
20250807,1.5117,0.0104,1.5013
20250808,1.502,-0,1.502
20250812,1.5025,-0.0052,1.5078
20250813,1.5136,0.0052,1.5084
20250814,1.5279,0.0052,1.5226
20250815,1.5621,0.0366,1.5255
20250818,1.5742,0.0788,1.4954
20250819,1.5834,0.0788,1.5047
20250820,1.602,0.0683,1.5338
20250821,1.6167,0.0577,1.5589
20250822,1.6163,0.0525,1.5638
20250825,1.6261,0.042,1.5841
20250826,1.6266,0.042,1.5846
20250827,1.6299,0.0368,1.5931
20250828,1.6359,0.0368,1.5991
20250829,1.6261,0.0158,1.6103
20250901,1.6126,-0.0052,1.6178
20250902,1.6314,-0.0105,1.6419
20250903,1.6122,-0.0315,1.6437
20250904,1.6413,-0.0315,1.6728
20250905,1.6135,-0.0263,1.6398
20250908,1.588,-0.021,1.609
20250909,1.5851,-0.0368,1.6219
20250910,1.5795,-0.0213,1.6008
20250911,1.5838,-0.0266,1.6103
20250912,1.594,-0.0108,1.6048
20250916,1.614,0.0261,1.5879
20250917,1.6223,0.0367,1.5856
20250918,1.6106,0.0209,1.5897
20250919,1.6149,0.0262,1.5887
20250922,1.6596,0.0527,1.6069
20250924,1.6712,0.0474,1.6238
20250925,1.6566,0.0421,1.6145
20250926,1.6617,0.0421,1.6196
20250929,1.6726,0.0475,1.6251
20250930,1.6551,0.0475,1.6076
20251001,1.6634,0.0316,1.6318
20251002,1.6646,0.021,1.6436
20251003,1.6789,0.0316,1.6473
20251006,1.6667,0.0157,1.6511
20251007,1.6783,-0.0268,1.7051
20251008,1.6827,-0.0162,1.6989
20251009,1.701,-0.0056,1.7066
20251010,1.6978,-0.0162,1.7139
20251014,1.6985,0.0051,1.6935
20251015,1.672,-0.0215,1.6935
20251016,1.664,0.0051,1.659
20251017,1.6658,0.0424,1.6234
20251020,1.6394,0.0424,1.597
20251021,1.679,0.0853,1.5937
20251022,1.6725,0.0532,1.6193
20251023,1.6666,0.0478,1.6188
20251024,1.6714,0.0425,1.629
20251027,1.671,0.0318,1.6392
20251028,1.6868,0.0533,1.6335
20251029,1.6584,0.0372,1.6212
20251030,1.6677,0.0426,1.6251
20251031,1.6633,0.0372,1.6261
20251104,1.6735,0.0426,1.6309
20251105,1.6877,0.0588,1.6289
20251106,1.6789,0.0642,1.6147
20251107,1.6971,0.0858,1.6113
20251110,1.6935,0.0912,1.6022
20251111,1.7162,0.1129,1.6033
20251112,1.7066,0.1292,1.5773
20251113,1.701,0.1293,1.5717
20251114,1.7086,0.1348,1.5739
20251117,1.7174,0.124,1.5934
20251118,1.7447,0.0969,1.6478
20251119,1.7623,0.1078,1.6545
20251120,1.7782,0.1024,1.6759
20251121,1.8217,0.135,1.6867
20251125,1.7909,0.1025,1.6884
20251126,1.8106,0.0917,1.7189
20251127,1.8246,0.0917,1.7329
20251128,1.806,0.0863,1.7197
20251201,1.8131,0.0973,1.7159
20251202,1.8812,0.1082,1.773
20251203,1.862,0.141,1.721
20251204,1.8953,0.1574,1.7378
20251205,1.9373,0.1685,1.7689
20251208,1.9493,0.1521,1.7972
20251209,1.9656,0.1412,1.8244
20251210,1.9617,0.1413,1.8204
20251211,1.9569,0.1413,1.8156
20251212,1.9329,0.1194,1.8135
20251215,1.9577,0.147,1.8107
20251216,1.962,0.1525,1.8095
20251217,1.9583,0.1636,1.7947
20251218,1.9806,0.1857,1.7949
20251219,1.9739,0.1802,1.7937
20251222,2.0217,0.1914,1.8303
20251223,2.0749,0.2025,1.8724
20251224,2.0401,0.1639,1.8762
20251225,2.0433,0.1695,1.8738
20251226,2.0447,0.1419,1.9028
20251229,2.0425,0.1586,1.8839
20251230,2.0584,0.2196,1.8388
20260105,2.0697,0.2758,1.7939
20260106,2.1166,0.3039,1.8127
20260107,2.1257,0.276,1.8497
20260108,2.1262,0.2537,1.8725
20260109,2.0843,0.2091,1.8752
20260113,2.0985,0.2205,1.8779
20260114,2.1627,0.2373,1.9254
20260115,2.1819,0.2262,1.9556
20260116,2.1636,0.2096,1.954
20260119,2.1824,0.2433,1.9391
20260120,2.265,0.2995,1.9655
20260121,2.3307,0.3448,1.9859
20260122,2.28,0.2941,1.9859
20260123,2.2394,0.2268,2.0126
20260126,2.2548,0.2214,2.0334
20260127,2.2358,0.2047,2.0312
20260128,2.2817,0.2496,2.0321
20260129,2.2365,0.188,2.0485
20260130,2.2509,0.2441,2.0068
20260202,2.2482,0.2951,1.9531
20260203,2.234,0.3178,1.9162
20260204,2.2558,0.3633,1.8925
20260205,2.2481,0.3748,1.8733
20260206,2.2299,0.3636,1.8664
20260209,2.2353,0.3639,1.8714
20260210,2.2896,0.4212,1.8684
20260212,2.2408,0.3985,1.8423
20260213,2.2346,0.4044,1.8303
20260216,2.2171,0.4277,1.7894
20260217,2.2193,0.4566,1.7627
20260218,2.1416,0.4683,1.6733
20260219,2.1523,0.4511,1.7012
20260220,2.1555,0.388,1.7675
20260224,2.1247,0.3541,1.7706
20260225,2.1171,0.3829,1.7342
20260226,2.1561,0.3658,1.7903
20260227,2.1694,0.3773,1.792
20260302,2.1309,0.3318,1.7991
20260303,2.0886,0.2863,1.8023
20260304,2.1492,0.3263,1.8229
20260305,2.1351,0.3436,1.7915
20260306,2.1755,0.3781,1.7974
20260309,2.1806,0.3785,1.8021
20260310,2.2058,0.3783,1.8274
20260311,2.1983,0.3957,1.8026
20260312,2.1767,0.3728,1.8039
20260313,2.1989,0.3844,1.8144
20260316,2.2518,0.3963,1.8555
20260317,2.2831,0.4138,1.8693
20260318,2.2743,0.4139,1.8604
20260319,2.2237,0.3678,1.8559
20260323,2.2688,0.3625,1.9063
20260324,2.313,0.3973,1.9157
20260325,2.2773,0.4322,1.8451
20260326,2.2655,0.4382,1.8273
20260327,2.2861,0.4675,1.8187
20260330,2.3791,0.5147,1.8644
20260331,2.372,0.4914,1.8806
20260401,2.3644,0.515,1.8493
20260402,2.3172,0.445,1.8722
20260403,2.3938,0.4218,1.972
20260406,2.3882,0.4222,1.966
20260407,2.4279,0.4573,1.9706
20260408,2.412,0.4341,1.9779
20260409,2.3754,0.4576,1.9177
20260410,2.3969,0.4461,1.9509
20260413,2.4392,0.4465,1.9927
20260414,2.4685,0.4466,2.0219
20260415,2.4233,0.4585,1.9649
20260416,2.4146,0.4762,1.9384
20260417,2.4107,0.4705,1.9402
20260420,2.4253,0.4709,1.9544
20260421,2.4055,0.4711,1.9345
20260422,2.3926,0.4536,1.939
20260423,2.4073,0.4478,1.9594
20260424,2.4285,0.4245,2.004
20260427,2.4426,0.4308,2.0118
20260428,2.4749,0.4309,2.044
20260430,2.4669,0.4665,2.0004
20260501,2.5224,0.4902,2.0322
20260507,2.5095,0.5576,1.9519
20260508,2.4832,0.5057,1.9775
20260511,2.484,0.4906,1.9934
20260512,2.5283,0.4803,2.0479
20260513,2.5474,0.4753,2.0721
20260514,2.5852,0.4754,2.1097
20260515,2.6261,0.4756,2.1505
20260518,2.6916,0.4604,2.2312
20260519,2.7287,0.4606,2.2681
20260520,2.782,0.497,2.285
20260521,2.7687,0.492,2.2767
20260522,2.7467,0.4661,2.2806
20260525,2.7449,0.4614,2.2836
20260526,2.6847,0.3994,2.2853
20260527,2.712,0.4253,2.2867
20260528,2.6856,0.4306,2.255
20260529,2.6927,0.4723,2.2204
20260601,2.6507,0.4727,2.178
20260602,2.6782,0.4833,2.1949
20260603,2.5761,0.3796,2.1965
20260604,2.6441,0.3901,2.254
20260605,2.6713,0.4005,2.2707
20260608,2.6704,0.4268,2.2436
20260609,2.7147,0.4686,2.2462
20260610,2.664,0.4219,2.2422
20260611,2.6737,0.4636,2.2101
20260612,2.6811,0.4847,2.1965
20260615,2.6413,0.4851,2.1562
20260616,2.5866,0.4748,2.1119
20260617,2.6538,0.5326,2.1212
20260618,2.6102,0.5222,2.088
20260619,2.6245,0.5434,2.0811
20260622,2.6495,0.565,2.0844
20260623,2.6717,0.5758,2.096
20260624,2.6799,0.5812,2.0987
20260625,2.6702,0.5708,2.0994
20260626,2.6312,0.5763,2.0549
20260629,2.6074,0.6193,1.9881
20260630,2.6425,0.6783,1.9642
20260701,2.6927,0.6999,1.9928
20260702,2.7078,0.6894,2.0184
20260703,2.7754,0.7434,2.032
20260706,2.7672,0.7333,2.0339
20260707,2.8233,0.8148,2.0085
20260708,2.8329,0.8423,1.9906
20260709,2.8552,0.8754,1.9799
20260710,2.8652,0.8811,1.9841
20260713,2.7621,0.8271,1.9349
20260714,2.7844,0.8383,1.9461
20260715,2.7149,0.7786,1.9363
20260716,2.6953,0.7571,1.9382
20260717,2.7174,0.8008,1.9165
20260721,2.7166,0.8127,1.9039
20260722,2.7293,0.802,1.9273
20260723,2.7422,0.7913,1.9509
20260724,2.7721,0.7915,1.9806
20260727,2.8113,0.8141,1.9972
20260728,2.7756,0.7816,1.9941
20260729,2.783,0.7872,1.9957
20260730,2.7553,0.7984,1.9569
20260731,2.8005,0.8151,1.9855
20260803,2.8005,0.8213,1.9793
20260804,2.8235,0.849,1.9746
20260805,2.8458,0.8658,1.9801
20260806,2.8092,0.833,1.9762
20260807,2.7674,0.8332,1.9342
20260810,2.8014,0.845,1.9564
20260812,2.8121,0.8786,1.9335
20260813,2.853,0.8402,2.0128
20260814,2.8714,0.846,2.0254
20260817,2.8761,0.8522,2.0239
20260818,2.9178,0.8746,2.0432
20260819,2.9317,0.8915,2.0402
20260820,2.8914,0.853,2.0384
20260821,2.8497,0.8533,1.9965
20260824,2.8817,0.854,2.0277
20260825,2.8869,0.8487,2.0382
20260826,2.8956,0.8712,2.0244
20260827,2.8887,0.8659,2.0229
20260828,2.8933,0.8717,2.0217
20260831,2.9296,0.9058,2.0238
20260901,2.9414,0.9396,2.0018
20260902,2.9882,0.9735,2.0146
20260903,3.0049,0.9794,2.0255
20260904,2.9651,0.9741,1.991
20260907,2.9093,0.9301,1.9792
