# QUALITY=PROXY_DE_INTERP | DE linkers interp to 10Y (Bundesbank; HICP basis) | generated by fetch_eur_real.py
DATE,NOM10,REAL10,BE10
20180102,0.4477,-0.9353,1.383
20180103,0.4587,-0.9456,1.4042
20180104,0.462,-0.938,1.4
20180105,0.4391,-0.9378,1.3769
20180108,0.4364,-0.9251,1.3615
20180109,0.4405,-0.9286,1.3691
20180110,0.479,-0.91,1.389
20180111,0.4703,-0.9201,1.3904
20180112,0.5332,-0.8655,1.3987
20180115,0.5325,-0.8779,1.4104
20180116,0.5252,-0.8935,1.4187
20180117,0.5102,-0.9068,1.417
20180118,0.5532,-0.8585,1.4116
20180119,0.5438,-0.8602,1.404
20180122,0.5507,-0.8475,1.3982
20180123,0.5202,-0.87,1.3902
20180124,0.5475,-0.8459,1.3934
20180125,0.5564,-0.8506,1.4069
20180126,0.568,-0.8114,1.3793
20180129,0.6451,-0.741,1.386
20180130,0.6604,-0.7255,1.3859
20180131,0.6545,-0.741,1.3955
20180201,0.7082,-0.6968,1.405
20180202,0.7244,-0.6813,1.4056
20180205,0.7241,-0.689,1.4131
20180206,0.6738,-0.7496,1.4233
20180207,0.6808,-0.7472,1.428
20180208,0.7512,-0.6991,1.4503
20180209,0.7414,-0.6863,1.4277
20180212,0.7717,-0.6585,1.4303
20180213,0.7266,-0.694,1.4206
20180214,0.7296,-0.6859,1.4155
20180215,0.7788,-0.6576,1.4365
20180216,0.746,-0.6931,1.4391
20180219,0.7272,-0.6819,1.4091
20180220,0.7462,-0.6706,1.4168
20180221,0.6978,-0.6909,1.3887
20180222,0.7094,-0.6858,1.3952
20180223,0.6767,-0.7297,1.4064
20180226,0.6608,-0.7352,1.396
20180227,0.6723,-0.7273,1.3996
20180228,0.6684,-0.7183,1.3867
20180301,0.6273,-0.762,1.3894
20180302,0.6115,-0.7674,1.3789
20180305,0.6271,-0.7423,1.3694
20180306,0.6447,-0.7081,1.3528
20180307,0.6649,-0.7175,1.3824
20180308,0.6644,-0.7182,1.3826
20180309,0.643,-0.7341,1.377
20180312,0.637,-0.7518,1.3887
20180313,0.6181,-0.7595,1.3776
20180314,0.6107,-0.7661,1.3768
20180315,0.5834,-0.7874,1.3708
20180316,0.5587,-0.8049,1.3636
20180319,0.5674,-0.8095,1.3769
20180320,0.5771,-0.7884,1.3655
20180321,0.5861,-0.809,1.3951
20180322,0.5499,-0.8663,1.4162
20180323,0.5144,-0.8818,1.3962
20180326,0.5303,-0.8894,1.4197
20180327,0.514,-0.9217,1.4357
20180328,0.4777,-0.9482,1.4258
20180329,0.4986,-0.934,1.4326
20180403,0.4962,-0.9503,1.4465
20180404,0.4877,-0.9633,1.451
20180405,0.5214,-0.9198,1.4412
20180406,0.5044,-0.9306,1.435
20180409,0.4919,-0.9401,1.432
20180410,0.4958,-0.9361,1.432
20180411,0.4992,-0.9507,1.4498
20180412,0.4875,-0.9567,1.4442
20180413,0.5119,-0.9309,1.4428
20180416,0.5337,-0.9183,1.452
20180417,0.5208,-0.9385,1.4593
20180418,0.4911,-0.959,1.4501
20180419,0.5445,-0.9261,1.4706
20180420,0.5798,-0.8891,1.4689
20180423,0.6222,-0.8557,1.4779
20180424,0.6091,-0.8717,1.4807
20180425,0.6285,-0.8624,1.4909
20180426,0.6032,-0.8856,1.4889
20180427,0.5571,-0.9218,1.4789
20180430,0.5608,-0.908,1.4687
20180502,0.5654,-0.9006,1.4659
20180503,0.5525,-0.9128,1.4654
20180504,0.5186,-0.9268,1.4453
20180507,0.5171,-0.9298,1.4469
20180508,0.5178,-0.932,1.4498
20180509,0.5633,-0.8978,1.4611
20180510,0.5389,-0.9172,1.4561
20180511,0.5256,-0.9229,1.4486
20180514,0.5759,-0.8728,1.4487
20180515,0.6012,-0.8682,1.4693
20180516,0.594,-0.8672,1.4612
20180517,0.6077,-0.848,1.4557
20180518,0.6102,-0.8571,1.4673
20180522,0.5405,-0.8996,1.4402
20180523,0.4803,-0.9382,1.4185
20180524,0.506,-0.9355,1.4415
20180525,0.4311,-0.9797,1.4109
20180528,0.3886,-0.9997,1.3883
20180529,0.189,-1.1197,1.3087
20180530,0.3085,-1.0616,1.37
20180531,0.3787,-1.0179,1.3966
20180601,0.3601,-1.0388,1.3989
20180604,0.3791,-1.0388,1.4179
20180605,0.381,-1.0426,1.4236
20180606,0.3956,-1.0102,1.4059
20180607,0.4869,-0.9327,1.4195
20180608,0.3909,-1.0309,1.4217
20180611,0.4434,-0.9871,1.4305
20180612,0.4829,-0.9555,1.4384
20180613,0.4456,-0.9849,1.4306
20180614,0.4774,-0.9496,1.427
20180615,0.3769,-1.0394,1.4163
20180618,0.3735,-1.0351,1.4087
20180619,0.3363,-1.0596,1.3959
20180620,0.3544,-1.0506,1.405
20180621,0.3397,-1.0653,1.405
20180622,0.3304,-1.0742,1.4046
20180625,0.3012,-1.1026,1.4038
20180626,0.3165,-1.0871,1.4036
20180627,0.2877,-1.0992,1.3868
20180628,0.2944,-1.1145,1.409
20180629,0.3163,-1.0955,1.4118
20180702,0.2853,-1.1316,1.4169
20180703,0.294,-1.1248,1.4187
20180704,0.2658,-1.1478,1.4137
20180705,0.3095,-1.1072,1.4167
20180706,0.279,-1.1338,1.4127
20180709,0.291,-1.1186,1.4096
20180710,0.2935,-1.1282,1.4216
20180711,0.2932,-1.1326,1.4258
20180712,0.3043,-1.1028,1.4071
20180713,0.2683,-1.1185,1.3868
20180716,0.294,-1.0949,1.3889
20180717,0.308,-1.0606,1.3686
20180718,0.2898,-1.0718,1.3616
20180719,0.2984,-1.0432,1.3415
20180720,0.286,-1.053,1.339
20180723,0.3437,-1.0252,1.3689
20180724,0.3697,-1.0149,1.3846
20180725,0.3449,-1.046,1.3909
20180726,0.3722,-1.0219,1.3941
20180727,0.3756,-1.015,1.3906
20180730,0.404,-1.0074,1.4114
20180731,0.4083,-1.0239,1.4322
20180801,0.4413,-0.9794,1.4206
20180802,0.4497,-0.9723,1.4219
20180803,0.4017,-1.006,1.4077
20180806,0.3916,-1.0199,1.4114
20180807,0.3861,-1.0296,1.4157
20180808,0.3887,-1.0344,1.4232
20180809,0.3828,-1.0349,1.4178
20180810,0.3295,-1.0687,1.3982
20180813,0.3125,-1.0942,1.4067
20180814,0.3201,-1.0863,1.4064
20180815,0.3277,-1.0884,1.4161
20180816,0.3142,-1.0916,1.4058
20180817,0.2999,-1.109,1.4089
20180820,0.3102,-1.103,1.4132
20180821,0.3144,-1.0963,1.4106
20180822,0.3338,-1.0885,1.4223
20180823,0.3453,-1.0726,1.4179
20180824,0.3371,-1.0819,1.419
20180827,0.363,-1.0659,1.4289
20180828,0.3589,-1.0688,1.4278
20180829,0.3796,-1.0478,1.4274
20180830,0.3902,-1.0497,1.4399
20180831,0.349,-1.0836,1.4325
20180903,0.3275,-1.0893,1.4167
20180904,0.3419,-1.0814,1.4233
20180905,0.3606,-1.0433,1.4039
20180906,0.3783,-1.0259,1.4042
20180907,0.3628,-1.0194,1.3823
20180910,0.4086,-0.9908,1.3994
20180911,0.4222,-0.9854,1.4077
20180912,0.4159,-0.9999,1.4158
20180913,0.418,-1.0136,1.4316
20180914,0.4316,-0.9882,1.4197
20180917,0.4514,-0.9698,1.4213
20180918,0.4482,-0.975,1.4232
20180919,0.4883,-0.9299,1.4182
20180920,0.479,-0.9423,1.4214
20180921,0.4646,-0.9655,1.4301
20180924,0.469,-0.9751,1.4441
20180925,0.5233,-0.9373,1.4606
20180926,0.534,-0.9421,1.4761
20180927,0.5076,-0.9689,1.4765
20180928,0.4857,-0.9882,1.4739
20181001,0.5017,-0.9642,1.4659
20181002,0.4168,-1.0466,1.4634
20181004,0.542,-0.9329,1.4748
20181005,0.5528,-0.9163,1.4691
20181008,0.5305,-0.9351,1.4656
20181009,0.5639,-0.9165,1.4804
20181010,0.5523,-0.9411,1.4934
20181011,0.503,-0.9734,1.4764
20181012,0.5306,-0.95,1.4806
20181015,0.4853,-0.9981,1.4834
20181016,0.5088,-0.9734,1.4822
20181017,0.4784,-1.0059,1.4843
20181018,0.4799,-0.9959,1.4758
20181019,0.4096,-1.0547,1.4643
20181022,0.4691,-0.987,1.456
20181023,0.4331,-1.0248,1.4578
20181024,0.3905,-1.0226,1.413
20181025,0.395,-1.0165,1.4116
20181026,0.3629,-1.0489,1.4118
20181030,0.3892,-1.0295,1.4187
20181031,0.3826,-1.0367,1.4194
20181101,0.4152,-1.008,1.4231
20181102,0.433,-0.9834,1.4164
20181105,0.4353,-0.9833,1.4186
20181106,0.4214,-1.0208,1.4422
20181107,0.4248,-1.0169,1.4417
20181108,0.4534,-0.9955,1.4489
20181109,0.4297,-1.0057,1.4354
20181112,0.3885,-1.0452,1.4338
20181113,0.3879,-1.0325,1.4204
20181114,0.3967,-1.0065,1.4031
20181115,0.3539,-1.03,1.384
20181116,0.3733,-1.0238,1.3971
20181119,0.3867,-1.0084,1.3951
20181120,0.3601,-1.0285,1.3886
20181121,0.3682,-0.9882,1.3564
20181122,0.3589,-0.96,1.3188
20181123,0.3576,-0.9349,1.2925
20181126,0.3645,-0.9067,1.2712
20181127,0.3534,-0.9419,1.2953
20181128,0.3366,-0.9405,1.2771
20181129,0.3298,-0.9101,1.2399
20181130,0.3189,-0.9592,1.2781
20181203,0.3292,-0.9646,1.2938
20181204,0.2883,-1.0119,1.3002
20181205,0.2558,-1.0143,1.2702
20181206,0.2462,-1.01,1.2561
20181207,0.2527,-0.999,1.2517
20181210,0.2495,-1.0253,1.2747
20181211,0.2736,-0.9853,1.2589
20181212,0.2467,-1.0197,1.2664
20181213,0.2722,-0.9984,1.2706
20181214,0.2631,-1.0113,1.2745
20181217,0.2552,-1.005,1.2602
20181218,0.2372,-0.9909,1.2281
20181219,0.252,-0.9665,1.2185
20181220,0.232,-0.9583,1.1903
20181221,0.2441,-0.922,1.1662
20181227,0.2293,-0.9144,1.1437
20181228,0.2327,-0.8971,1.1298
20190102,0.1758,-0.9381,1.1138
20190103,0.1797,-0.8992,1.0789
20190104,0.1883,-0.9111,1.0994
20190107,0.1993,-0.9065,1.1058
20190108,0.2385,-0.8882,1.1267
20190109,0.2831,-0.9103,1.1935
20190110,0.2462,-0.9508,1.197
20190111,0.2291,-0.9676,1.1966
20190114,0.1991,-0.9717,1.1709
20190115,0.1952,-0.9587,1.1539
20190116,0.2153,-0.9471,1.1624
20190117,0.2177,-0.9223,1.14
20190118,0.2594,-0.8953,1.1547
20190121,0.2418,-0.9116,1.1534
20190122,0.2508,-0.8987,1.1494
20190123,0.2268,-0.9147,1.1415
20190124,0.2009,-0.9396,1.1405
20190125,0.1761,-0.9782,1.1543
20190128,0.191,-0.9545,1.1455
20190129,0.2013,-0.923,1.1242
20190130,0.1925,-0.9253,1.1178
20190131,0.1629,-0.9624,1.1253
20190201,0.1591,-0.9727,1.1319
20190204,0.1621,-0.9891,1.1511
20190205,0.1864,-0.9623,1.1487
20190206,0.1595,-0.9807,1.1403
20190207,0.1458,-1.0039,1.1497
20190208,0.1021,-0.9977,1.0998
20190211,0.1039,-0.9807,1.0845
20190212,0.1261,-0.9721,1.0982
20190213,0.1184,-0.978,1.0964
20190214,0.1136,-0.9948,1.1084
20190215,0.1059,-0.9798,1.0856
20190218,0.0978,-1.0205,1.1183
20190219,0.0917,-1.0317,1.1235
20190220,0.0936,-1.0225,1.116
20190221,0.1104,-1.0009,1.1113
20190222,0.1133,-0.9814,1.0947
20190225,0.114,-0.9781,1.0921
20190226,0.1039,-0.9762,1.0802
20190227,0.1189,-0.9432,1.062
20190228,0.1589,-0.9259,1.0848
20190301,0.1842,-0.9302,1.1144
20190304,0.1779,-0.9517,1.1296
20190305,0.1718,-0.9746,1.1464
20190306,0.1514,-1.0056,1.157
20190307,0.1222,-1.0247,1.1469
20190308,0.0511,-1.0572,1.1083
20190311,0.0605,-1.0552,1.1158
20190312,0.0856,-1.0669,1.1525
20190313,0.0674,-1.0966,1.164
20190314,0.0701,-1.1232,1.1932
20190315,0.0801,-1.0975,1.1776
20190318,0.0746,-1.0933,1.1679
20190319,0.0743,-1.1037,1.1781
20190320,0.0921,-1.1015,1.1936
20190321,0.0506,-1.1684,1.219
20190322,0.0003,-1.1868,1.1871
20190325,-0.0064,-1.1713,1.1649
20190326,-0.0227,-1.1611,1.1383
20190327,-0.0626,-1.1966,1.1339
20190328,-0.0722,-1.1799,1.1077
20190329,-0.066,-1.2014,1.1353
20190401,-0.045,-1.2071,1.1622
20190402,-0.0398,-1.2222,1.1824
20190403,-0.0111,-1.1859,1.1748
20190404,-0.0076,-1.1678,1.1602
20190405,0.0054,-1.1603,1.1657
20190408,-0.0003,-1.1787,1.1784
20190409,0.0034,-1.1811,1.1845
20190410,-0.0116,-1.1683,1.1566
20190411,-0.032,-1.1714,1.1393
20190412,0.0123,-1.1467,1.159
20190415,0.0571,-1.1292,1.1864
20190416,0.0611,-1.1385,1.1995
20190417,0.0807,-1.1176,1.1983
20190418,0.0369,-1.1515,1.1884
20190423,0.0443,-1.1725,1.2169
20190424,0.0106,-1.186,1.1966
20190425,-0.0155,-1.1932,1.1776
20190426,-0.0304,-1.1796,1.1492
20190429,-0.0111,-1.1571,1.1459
20190430,0.0299,-1.1579,1.1878
20190502,0.0127,-1.1642,1.177
20190503,0.035,-1.1293,1.1644
20190506,-0.0001,-1.1378,1.1377
20190507,-0.019,-1.1599,1.1409
20190508,-0.0484,-1.1805,1.1322
20190509,-0.0633,-1.1793,1.1159
20190510,-0.0421,-1.1477,1.1056
20190513,-0.058,-1.1551,1.0971
20190514,-0.0662,-1.1451,1.079
20190515,-0.1093,-1.1625,1.0532
20190516,-0.1236,-1.1541,1.0305
20190517,-0.1167,-1.156,1.0393
20190520,-0.0983,-1.1303,1.0319
20190521,-0.0973,-1.1339,1.0366
20190522,-0.0793,-1.1325,1.0532
20190523,-0.1101,-1.1426,1.0325
20190524,-0.123,-1.1365,1.0135
20190527,-0.1393,-1.1397,1.0004
20190528,-0.1656,-1.1615,0.9959
20190529,-0.174,-1.1738,0.9999
20190530,-0.1645,-1.1609,0.9964
20190531,-0.2121,-1.1901,0.978
20190603,-0.2213,-1.1793,0.958
20190604,-0.219,-1.1746,0.9556
20190605,-0.2155,-1.1899,0.9744
20190606,-0.2449,-1.1984,0.9536
20190607,-0.2436,-1.1651,0.9215
20190611,-0.2317,-1.1473,0.9156
20190612,-0.2451,-1.1399,0.8948
20190613,-0.2518,-1.1219,0.8701
20190614,-0.2721,-1.1098,0.8377
20190617,-0.2612,-1.0716,0.8104
20190618,-0.3077,-1.1746,0.8669
20190619,-0.3084,-1.2427,0.9342
20190620,-0.3184,-1.254,0.9356
20190621,-0.3048,-1.2781,0.9734
20190624,-0.3176,-1.2771,0.9595
20190625,-0.3252,-1.2048,0.8796
20190626,-0.3321,-1.1919,0.8597
20190627,-0.3055,-1.1858,0.8802
20190701,-0.342,-1.2096,0.8677
20190702,-0.3714,-1.2233,0.8519
20190703,-0.4011,-1.2339,0.8328
20190704,-0.4028,-1.2319,0.829
20190705,-0.3992,-1.2736,0.8744
20190708,-0.3785,-1.2601,0.8816
20190709,-0.3608,-1.2374,0.8766
20190710,-0.2643,-1.2049,0.9405
20190711,-0.2803,-1.2419,0.9617
20190712,-0.2116,-1.1639,0.9523
20190715,-0.2391,-1.2238,0.9846
20190716,-0.2759,-1.2325,0.9566
20190717,-0.2866,-1.2429,0.9563
20190718,-0.3117,-1.2577,0.9459
20190719,-0.3314,-1.3427,1.0113
20190722,-0.3406,-1.3791,1.0386
20190723,-0.347,-1.3545,1.0075
20190724,-0.3804,-1.3657,0.9853
20190725,-0.3974,-1.4113,1.0139
20190726,-0.3733,-1.4076,1.0343
20190729,-0.3986,-1.4374,1.0388
20190730,-0.4004,-1.4185,1.0181
20190731,-0.4117,-1.4076,0.9959
20190801,-0.4222,-1.396,0.9738
20190802,-0.4941,-1.4083,0.9142
20190805,-0.5285,-1.3991,0.8707
20190806,-0.5284,-1.4338,0.9054
20190807,-0.5753,-1.4818,0.9065
20190808,-0.5661,-1.4847,0.9186
20190809,-0.5875,-1.4869,0.8994
20190812,-0.5937,-1.5431,0.9494
20190813,-0.6124,-1.5569,0.9446
20190814,-0.6282,-1.5703,0.942
20190815,-0.663,-1.5305,0.8674
20190816,-0.7062,-1.6109,0.9046
20190819,-0.6464,-1.5983,0.9518
20190820,-0.6755,-1.6005,0.925
20190821,-0.6639,-1.5971,0.9331
20190822,-0.6638,-1.5851,0.9212
20190823,-0.6264,-1.5457,0.9193
20190826,-0.664,-1.5743,0.9103
20190827,-0.6765,-1.5691,0.8926
20190828,-0.7124,-1.5824,0.8701
20190829,-0.6972,-1.5555,0.8582
20190830,-0.6982,-1.5578,0.8596
20190902,-0.7043,-1.534,0.8297
20190903,-0.743,-1.5458,0.8028
20190904,-0.6808,-1.4882,0.8074
20190905,-0.6444,-1.5212,0.8769
20190906,-0.5994,-1.5137,0.9144
20190909,-0.6107,-1.5018,0.8911
20190910,-0.5861,-1.5055,0.9194
20190911,-0.5477,-1.4465,0.8987
20190912,-0.5896,-1.5136,0.9239
20190913,-0.5069,-1.474,0.9671
20190916,-0.4911,-1.4777,0.9865
20190917,-0.497,-1.4851,0.9881
20190918,-0.5111,-1.4747,0.9636
20190919,-0.5,-1.4399,0.9398
20190920,-0.5253,-1.4743,0.949
20190923,-0.5926,-1.4987,0.906
20190924,-0.5868,-1.4931,0.9063
20190925,-0.6242,-1.5194,0.8952
20190926,-0.5956,-1.4849,0.8894
20190927,-0.5918,-1.4792,0.8874
20190930,-0.5705,-1.4371,0.8666
20191001,-0.5325,-1.3875,0.855
20191002,-0.5578,-1.4007,0.8429
20191004,-0.6095,-1.4222,0.8127
20191007,-0.6115,-1.421,0.8095
20191008,-0.5909,-1.4048,0.8139
20191009,-0.5898,-1.4086,0.8188
20191010,-0.5557,-1.4064,0.8507
20191011,-0.4926,-1.3553,0.8627
20191014,-0.4804,-1.3534,0.873
20191015,-0.4796,-1.3508,0.8712
20191016,-0.4477,-1.3434,0.8956
20191017,-0.3934,-1.3135,0.92
20191018,-0.4048,-1.3284,0.9236
20191021,-0.3651,-1.3029,0.9378
20191022,-0.3909,-1.3041,0.9131
20191023,-0.4283,-1.3102,0.8818
20191024,-0.4044,-1.2931,0.8888
20191025,-0.4031,-1.2971,0.894
20191028,-0.3596,-1.2716,0.912
20191029,-0.3692,-1.2744,0.9052
20191030,-0.3726,-1.2833,0.9107
20191031,-0.4238,-1.3136,0.8898
20191101,-0.4176,-1.3001,0.8825
20191104,-0.3828,-1.2836,0.9008
20191105,-0.3377,-1.2806,0.943
20191106,-0.3255,-1.2699,0.9443
20191107,-0.331,-1.2693,0.9382
20191108,-0.273,-1.2257,0.9527
20191111,-0.2909,-1.2329,0.942
20191112,-0.2587,-1.2248,0.966
20191113,-0.3056,-1.2378,0.9322
20191114,-0.3402,-1.2492,0.909
20191115,-0.3507,-1.2711,0.9204
20191118,-0.3354,-1.2658,0.9304
20191119,-0.345,-1.2611,0.9162
20191120,-0.3961,-1.2783,0.8822
20191121,-0.3562,-1.2462,0.89
20191122,-0.3643,-1.2739,0.9096
20191125,-0.3645,-1.2397,0.8752
20191126,-0.3719,-1.2453,0.8735
20191127,-0.3902,-1.2637,0.8735
20191128,-0.3897,-1.2573,0.8676
20191129,-0.3804,-1.2806,0.9002
20191202,-0.2966,-1.2443,0.9477
20191203,-0.2951,-1.2503,0.9552
20191204,-0.348,-1.2703,0.9223
20191205,-0.3194,-1.2395,0.9201
20191206,-0.3174,-1.2384,0.9209
20191209,-0.3227,-1.2498,0.9271
20191210,-0.3072,-1.2457,0.9385
20191211,-0.338,-1.2756,0.9376
20191212,-0.3441,-1.2909,0.9467
20191213,-0.2598,-1.2365,0.9767
20191216,-0.3217,-1.2818,0.9601
20191217,-0.3051,-1.2647,0.9596
20191218,-0.3074,-1.2833,0.9759
20191219,-0.2415,-1.2345,0.993
20191220,-0.2461,-1.2336,0.9875
20191223,-0.282,-1.2625,0.9806
20191227,-0.2731,-1.2572,0.9841
20191230,-0.2311,-1.2176,0.9866
20200102,-0.1989,-1.203,1.0041
20200103,-0.2986,-1.2999,1.0013
20200106,-0.3085,-1.3104,1.0019
20200107,-0.2938,-1.2971,1.0033
20200108,-0.2974,-1.2784,0.981
20200109,-0.2482,-1.2447,0.9965
20200113,-0.2203,-1.2396,1.0193
20200114,-0.2106,-1.2456,1.035
20200115,-0.246,-1.2918,1.0458
20200116,-0.2514,-1.2802,1.0287
20200117,-0.2558,-1.292,1.0362
20200120,-0.2462,-1.2919,1.0458
20200121,-0.2603,-1.2907,1.0304
20200122,-0.2765,-1.3059,1.0294
20200123,-0.3067,-1.3263,1.0197
20200124,-0.3313,-1.3495,1.0182
20200127,-0.3296,-1.3504,1.0208
20200128,-0.4196,-1.3698,0.9502
20200129,-0.3933,-1.3713,0.9779
20200130,-0.3941,-1.3774,0.9833
20200131,-0.427,-1.4004,0.9733
20200203,-0.4526,-1.4269,0.9743
20200204,-0.4209,-1.4043,0.9834
20200205,-0.3785,-1.3897,1.0112
20200206,-0.3675,-1.3699,1.0024
20200207,-0.3979,-1.3874,0.9895
20200210,-0.4021,-1.3733,0.9711
20200211,-0.3943,-1.3479,0.9535
20200212,-0.3735,-1.3182,0.9447
20200213,-0.4131,-1.3518,0.9388
20200214,-0.4025,-1.3564,0.9539
20200217,-0.4038,-1.3672,0.9634
20200218,-0.4293,-1.3723,0.9431
20200219,-0.4159,-1.3622,0.9462
20200220,-0.421,-1.3555,0.9345
20200221,-0.4497,-1.369,0.9192
20200224,-0.4947,-1.3851,0.8904
20200225,-0.5033,-1.3953,0.892
20200226,-0.5186,-1.371,0.8524
20200227,-0.5199,-1.3819,0.862
20200228,-0.6087,-1.419,0.8103
20200302,-0.6333,-1.4509,0.8176
20200303,-0.5836,-1.4027,0.8191
20200304,-0.6355,-1.453,0.8174
20200305,-0.6331,-1.4596,0.8265
20200306,-0.7322,-1.4402,0.708
20200309,-0.8344,-1.4458,0.6114
20200310,-0.7475,-1.3481,0.6006
20200311,-0.7639,-1.3617,0.5978
20200312,-0.7911,-1.3292,0.5381
20200313,-0.6337,-1.2092,0.5755
20200316,-0.5569,-1.0529,0.4961
20200317,-0.4133,-0.8757,0.4624
20200318,-0.2733,-0.645,0.3717
20200319,-0.2719,-0.6394,0.3674
20200320,-0.2575,-0.6272,0.3697
20200323,-0.3914,-0.6293,0.238
20200324,-0.3659,-0.5966,0.2307
20200325,-0.2939,-0.5801,0.2863
20200326,-0.3053,-0.6153,0.3101
20200327,-0.4456,-0.8525,0.4068
20200330,-0.5375,-1.0058,0.4683
20200331,-0.4789,-0.954,0.4751
20200401,-0.5077,-0.9553,0.4476
20200402,-0.4239,-0.8722,0.4483
20200403,-0.4452,-0.9382,0.493
20200406,-0.427,-0.9261,0.499
20200407,-0.3703,-0.9135,0.5432
20200408,-0.3397,-0.8845,0.5448
20200409,-0.3144,-0.8758,0.5614
20200414,-0.3447,-0.9163,0.5716
20200415,-0.4211,-0.9738,0.5526
20200416,-0.4423,-0.9706,0.5283
20200417,-0.4704,-0.9837,0.5134
20200420,-0.4821,-0.9933,0.5112
20200421,-0.4645,-0.9762,0.5116
20200422,-0.458,-0.9291,0.4711
20200423,-0.4108,-0.925,0.5142
20200424,-0.4568,-0.9426,0.4859
20200427,-0.4708,-0.9487,0.4779
20200428,-0.4435,-0.9306,0.487
20200429,-0.4773,-0.9586,0.4812
20200430,-0.5048,-1.0069,0.5021
20200504,-0.5704,-1.0741,0.5037
20200505,-0.5293,-1.03,0.5007
20200506,-0.547,-1.0295,0.4825
20200507,-0.4895,-0.992,0.5025
20200508,-0.5564,-1.0228,0.4663
20200511,-0.5102,-0.9725,0.4623
20200512,-0.4982,-0.9623,0.464
20200513,-0.5241,-0.9583,0.4343
20200514,-0.5382,-0.9463,0.408
20200515,-0.5394,-0.964,0.4246
20200518,-0.5465,-0.9736,0.4271
20200519,-0.4667,-0.9359,0.4691
20200520,-0.4535,-0.9478,0.4943
20200521,-0.4644,-0.9534,0.489
20200522,-0.4901,-0.9756,0.4855
20200525,-0.4762,-0.9772,0.501
20200526,-0.4245,-0.9278,0.5033
20200527,-0.4454,-0.9461,0.5007
20200528,-0.415,-0.9427,0.5277
20200529,-0.4164,-0.9651,0.5486
20200602,-0.4006,-0.9791,0.5785
20200603,-0.3697,-0.9804,0.6107
20200604,-0.3452,-0.9308,0.5856
20200605,-0.2966,-0.9571,0.6604
20200608,-0.2672,-0.9453,0.678
20200609,-0.3225,-0.9905,0.668
20200610,-0.3084,-0.9643,0.6559
20200611,-0.3729,-1.0216,0.6487
20200612,-0.4034,-0.9925,0.5891
20200615,-0.4353,-1.0156,0.5803
20200616,-0.4078,-1.007,0.5992
20200617,-0.3824,-0.9941,0.6117
20200618,-0.4045,-1.0133,0.6089
20200619,-0.4209,-1.049,0.6281
20200622,-0.431,-1.0587,0.6277
20200623,-0.4335,-1.0854,0.6518
20200624,-0.4204,-1.1094,0.6891
20200625,-0.4671,-1.1298,0.6626
20200626,-0.4841,-1.1288,0.6448
20200629,-0.4809,-1.1481,0.6672
20200630,-0.4894,-1.1661,0.6767
20200701,-0.4502,-1.1283,0.6781
20200702,-0.4164,-1.1139,0.6975
20200703,-0.4532,-1.151,0.6978
20200706,-0.4464,-1.1526,0.7062
20200707,-0.4528,-1.14,0.6872
20200708,-0.4601,-1.1581,0.6979
20200709,-0.451,-1.1684,0.7174
20200710,-0.493,-1.1473,0.6543
20200713,-0.4666,-1.1344,0.6678
20200714,-0.437,-1.1217,0.6847
20200715,-0.4682,-1.1926,0.7244
20200716,-0.4541,-1.1849,0.7307
20200717,-0.4684,-1.1978,0.7294
20200720,-0.4456,-1.1986,0.7531
20200721,-0.4655,-1.243,0.7775
20200722,-0.4806,-1.2565,0.7758
20200723,-0.4951,-1.272,0.7769
20200724,-0.4713,-1.236,0.7647
20200727,-0.4679,-1.2633,0.7954
20200728,-0.4981,-1.2945,0.7964
20200729,-0.5151,-1.3037,0.7886
20200730,-0.535,-1.3443,0.8093
20200731,-0.5544,-1.3833,0.8289
20200803,-0.5223,-1.3339,0.8116
20200804,-0.5373,-1.3657,0.8284
20200805,-0.5448,-1.3784,0.8335
20200806,-0.5287,-1.366,0.8373
20200807,-0.5356,-1.38,0.8444
20200810,-0.5193,-1.3818,0.8625
20200811,-0.5127,-1.4098,0.8971
20200812,-0.4538,-1.332,0.8781
20200813,-0.4654,-1.3465,0.8811
20200814,-0.4195,-1.2852,0.8658
20200817,-0.4287,-1.2868,0.8581
20200818,-0.4661,-1.2908,0.8246
20200819,-0.4845,-1.3,0.8155
20200820,-0.4833,-1.2931,0.8098
20200821,-0.5129,-1.3023,0.7894
20200825,-0.4677,-1.299,0.8313
20200826,-0.4193,-1.2511,0.8319
20200827,-0.4543,-1.3055,0.8512
20200828,-0.3921,-1.2385,0.8464
20200831,-0.3913,-1.2322,0.841
20200901,-0.3895,-1.218,0.8284
20200902,-0.4535,-1.25,0.7965
20200903,-0.4685,-1.2694,0.8009
20200904,-0.4829,-1.2741,0.7912
20200907,-0.4681,-1.2616,0.7935
20200908,-0.4747,-1.231,0.7563
20200909,-0.5084,-1.2582,0.7498
20200910,-0.471,-1.2555,0.7845
20200911,-0.4742,-1.247,0.7728
20200914,-0.5003,-1.2703,0.7699
20200915,-0.48,-1.2751,0.7951
20200916,-0.4912,-1.3021,0.8109
20200917,-0.479,-1.2814,0.8023
20200918,-0.4958,-1.2989,0.803
20200921,-0.5169,-1.3009,0.784
20200922,-0.5289,-1.2889,0.76
20200923,-0.5184,-1.2624,0.744
20200924,-0.5288,-1.2559,0.7271
20200925,-0.5248,-1.2287,0.7039
20200928,-0.5247,-1.2288,0.7041
20200929,-0.5485,-1.2331,0.6845
20200930,-0.5573,-1.2383,0.681
20201001,-0.5245,-1.2109,0.6864
20201002,-0.5546,-1.2391,0.6844
20201005,-0.5483,-1.2532,0.7049
20201006,-0.5267,-1.2432,0.7165
20201007,-0.5236,-1.2671,0.7435
20201008,-0.5176,-1.2702,0.7526
20201009,-0.555,-1.3095,0.7545
20201012,-0.5513,-1.3114,0.7601
20201013,-0.5612,-1.3199,0.7587
20201014,-0.5827,-1.3191,0.7363
20201015,-0.6307,-1.3577,0.7271
20201016,-0.6324,-1.3711,0.7387
20201019,-0.6284,-1.385,0.7566
20201020,-0.6352,-1.3989,0.7637
20201021,-0.5923,-1.3863,0.794
20201022,-0.5923,-1.3788,0.7864
20201023,-0.5784,-1.383,0.8046
20201026,-0.5891,-1.3822,0.7931
20201027,-0.5989,-1.3934,0.7945
20201028,-0.652,-1.3958,0.7438
20201029,-0.6472,-1.3698,0.7226
20201030,-0.6418,-1.3788,0.737
20201102,-0.6276,-1.3307,0.703
20201103,-0.638,-1.3446,0.7066
20201104,-0.6644,-1.3638,0.6993
20201105,-0.661,-1.3469,0.6859
20201106,-0.6591,-1.3649,0.7058
20201109,-0.6576,-1.3926,0.7349
20201110,-0.5152,-1.3563,0.841
20201111,-0.4993,-1.3609,0.8616
20201112,-0.5182,-1.3585,0.8404
20201113,-0.5545,-1.3812,0.8266
20201116,-0.5797,-1.4045,0.8248
20201117,-0.5684,-1.4057,0.8373
20201118,-0.5828,-1.4052,0.8224
20201119,-0.5887,-1.398,0.8093
20201120,-0.5892,-1.3987,0.8095
20201123,-0.5991,-1.4209,0.8217
20201124,-0.5935,-1.4565,0.8631
20201125,-0.5923,-1.4706,0.8783
20201126,-0.5969,-1.4593,0.8623
20201127,-0.6067,-1.4665,0.8598
20201130,-0.6073,-1.4787,0.8713
20201201,-0.5732,-1.4832,0.91
20201202,-0.5382,-1.4612,0.923
20201203,-0.5572,-1.4746,0.9174
20201204,-0.573,-1.5163,0.9434
20201207,-0.6038,-1.5306,0.9268
20201208,-0.6186,-1.5403,0.9216
20201209,-0.6262,-1.5453,0.9191
20201210,-0.6412,-1.5433,0.9021
20201211,-0.6559,-1.5374,0.8815
20201214,-0.6528,-1.5268,0.8739
20201215,-0.6472,-1.545,0.8978
20201216,-0.6171,-1.5407,0.9237
20201217,-0.6117,-1.5379,0.9262
20201218,-0.5903,-1.4963,0.9061
20201221,-0.6509,-1.5017,0.8509
20201222,-0.6218,-1.4828,0.861
20201223,-0.6316,-1.508,0.8764
20201228,-0.5768,-1.4814,0.9045
20201229,-0.6065,-1.5189,0.9124
20201230,-0.5894,-1.4974,0.908
20210104,-0.6449,-1.5521,0.9072
20210105,-0.641,-1.5394,0.8984
20210106,-0.5796,-1.5123,0.9328
20210107,-0.5915,-1.5631,0.9715
20210108,-0.5888,-1.5572,0.9683
20210111,-0.5789,-1.5572,0.9783
20210112,-0.5248,-1.5414,1.0166
20210113,-0.5391,-1.5658,1.0267
20210114,-0.5705,-1.6104,1.0398
20210115,-0.5771,-1.6084,1.0312
20210118,-0.5762,-1.6126,1.0364
20210119,-0.5497,-1.6051,1.0554
20210120,-0.5646,-1.6223,1.0576
20210121,-0.5608,-1.6152,1.0545
20210122,-0.5364,-1.5934,1.0569
20210125,-0.5621,-1.6013,1.0392
20210126,-0.5697,-1.6159,1.0462
20210127,-0.5603,-1.5997,1.0394
20210128,-0.5784,-1.6191,1.0406
20210129,-0.5371,-1.613,1.0759
20210201,-0.5327,-1.6258,1.0931
20210202,-0.5138,-1.6441,1.1303
20210203,-0.4897,-1.6532,1.1635
20210204,-0.487,-1.646,1.159
20210205,-0.471,-1.6038,1.1328
20210208,-0.4358,-1.5839,1.1481
20210209,-0.4612,-1.5719,1.1107
20210210,-0.4484,-1.5502,1.1018
20210211,-0.4749,-1.5526,1.0777
20210212,-0.4658,-1.5517,1.086
20210215,-0.382,-1.5132,1.1312
20210216,-0.3801,-1.4976,1.1174
20210217,-0.3552,-1.4723,1.1171
20210218,-0.3573,-1.4599,1.1026
20210219,-0.3264,-1.3914,1.065
20210222,-0.3167,-1.3493,1.0326
20210223,-0.306,-1.3904,1.0844
20210224,-0.3177,-1.4097,1.0921
20210225,-0.2711,-1.3785,1.1074
20210226,-0.2527,-1.3667,1.1141
20210301,-0.3022,-1.4236,1.1214
20210302,-0.3216,-1.4454,1.1238
20210303,-0.3225,-1.4775,1.155
20210304,-0.3024,-1.4632,1.1608
20210305,-0.2974,-1.4981,1.2008
20210308,-0.2857,-1.5198,1.2341
20210309,-0.3121,-1.5162,1.2041
20210310,-0.3014,-1.5231,1.2218
20210311,-0.3201,-1.5532,1.2332
20210312,-0.315,-1.5602,1.2452
20210315,-0.3197,-1.6007,1.281
20210316,-0.3411,-1.6367,1.2956
20210317,-0.3177,-1.6373,1.3197
20210318,-0.2689,-1.5685,1.2996
20210319,-0.3039,-1.582,1.2781
20210322,-0.3164,-1.5733,1.257
20210323,-0.3378,-1.6065,1.2687
20210324,-0.3603,-1.6398,1.2795
20210325,-0.3634,-1.6781,1.3146
20210326,-0.3535,-1.69,1.3364
20210329,-0.3341,-1.6666,1.3326
20210330,-0.2606,-1.6166,1.356
20210331,-0.2689,-1.6268,1.3579
20210401,-0.2975,-1.6679,1.3704
20210406,-0.2944,-1.6701,1.3757
20210407,-0.3258,-1.7078,1.3821
20210408,-0.3257,-1.7157,1.3899
20210409,-0.3088,-1.7015,1.3927
20210412,-0.3168,-1.707,1.3902
20210413,-0.2794,-1.671,1.3916
20210414,-0.2934,-1.6636,1.3702
20210415,-0.2679,-1.6316,1.3637
20210416,-0.264,-1.6137,1.3497
20210419,-0.265,-1.6177,1.3527
20210420,-0.2216,-1.588,1.3664
20210421,-0.2424,-1.6087,1.3663
20210422,-0.2684,-1.6156,1.3472
20210423,-0.2643,-1.6137,1.3494
20210426,-0.2513,-1.5925,1.3412
20210427,-0.2454,-1.58,1.3346
20210428,-0.2116,-1.5913,1.3797
20210429,-0.2128,-1.5962,1.3833
20210430,-0.1965,-1.6169,1.4203
20210503,-0.1585,-1.5552,1.3968
20210504,-0.2004,-1.584,1.3835
20210505,-0.2204,-1.6018,1.3814
20210506,-0.2266,-1.6152,1.3886
20210507,-0.2114,-1.602,1.3906
20210510,-0.1973,-1.6326,1.4354
20210511,-0.1631,-1.6345,1.4715
20210512,-0.1639,-1.6478,1.4839
20210513,-0.1002,-1.5981,1.4979
20210514,-0.1227,-1.6026,1.4799
20210517,-0.1224,-1.5969,1.4745
20210518,-0.1069,-1.6225,1.5156
20210519,-0.0801,-1.6032,1.523
20210520,-0.0926,-1.5295,1.4369
20210521,-0.1142,-1.5186,1.4044
20210525,-0.1482,-1.5816,1.4334
20210526,-0.1845,-1.608,1.4236
20210527,-0.1949,-1.5768,1.3819
20210528,-0.1622,-1.5744,1.4122
20210531,-0.1552,-1.599,1.4438
20210601,-0.1795,-1.6149,1.4354
20210602,-0.1797,-1.6056,1.4259
20210603,-0.1759,-1.5859,1.41
20210604,-0.1778,-1.6329,1.4551
20210607,-0.1939,-1.6504,1.4566
20210608,-0.1959,-1.6343,1.4384
20210609,-0.2282,-1.6613,1.4332
20210610,-0.2345,-1.6401,1.4056
20210611,-0.2774,-1.6842,1.4067
20210614,-0.2643,-1.6873,1.4229
20210615,-0.2523,-1.6697,1.4174
20210616,-0.2061,-1.6992,1.4931
20210617,-0.1867,-1.6125,1.4258
20210618,-0.2175,-1.6412,1.4237
20210621,-0.2185,-1.5624,1.3439
20210622,-0.1762,-1.57,1.3938
20210623,-0.1835,-1.5934,1.4099
20210624,-0.1837,-1.611,1.4273
20210625,-0.1927,-1.5964,1.4036
20210628,-0.1754,-1.6126,1.4372
20210629,-0.1883,-1.6097,1.4214
20210630,-0.1996,-1.6376,1.4381
20210701,-0.2046,-1.6195,1.4149
20210702,-0.2364,-1.6545,1.4181
20210705,-0.2319,-1.6733,1.4414
20210706,-0.2327,-1.7052,1.4726
20210707,-0.2892,-1.746,1.4568
20210708,-0.3464,-1.7153,1.3689
20210709,-0.3242,-1.7392,1.415
20210712,-0.3188,-1.7397,1.4209
20210713,-0.3045,-1.7268,1.4223
20210714,-0.2989,-1.716,1.4171
20210715,-0.3484,-1.7463,1.3979
20210716,-0.3472,-1.7603,1.4131
20210719,-0.377,-1.7778,1.4008
20210720,-0.4178,-1.7935,1.3757
20210721,-0.4063,-1.8029,1.3966
20210722,-0.4005,-1.8076,1.4071
20210723,-0.4156,-1.807,1.3914
20210726,-0.4389,-1.8276,1.3887
20210727,-0.4444,-1.8666,1.4222
20210728,-0.4471,-1.9017,1.4546
20210729,-0.4511,-1.9486,1.4975
20210730,-0.4489,-1.9651,1.5161
20210802,-0.4523,-1.9549,1.5026
20210803,-0.4721,-1.9716,1.4995
20210804,-0.4899,-1.9866,1.4967
20210805,-0.5014,-1.9932,1.4918
20210806,-0.4946,-1.9827,1.4882
20210809,-0.4686,-1.9393,1.4707
20210810,-0.4608,-1.9634,1.5025
20210811,-0.4379,-1.9745,1.5366
20210812,-0.4609,-2.0119,1.5511
20210813,-0.4616,-2.0183,1.5567
20210816,-0.4671,-2.0185,1.5513
20210817,-0.4957,-2.0279,1.5321
20210818,-0.4844,-2.0253,1.5408
20210819,-0.4991,-1.9995,1.5004
20210820,-0.4905,-2.0031,1.5126
20210823,-0.4679,-1.9791,1.5113
20210824,-0.4832,-2.0123,1.5291
20210825,-0.4605,-2.0023,1.5419
20210826,-0.4052,-1.9687,1.5634
20210827,-0.4129,-1.9103,1.4974
20210830,-0.4217,-1.9279,1.5062
20210831,-0.4256,-1.9292,1.5036
20210901,-0.3689,-1.8916,1.5227
20210902,-0.3855,-1.8866,1.5011
20210903,-0.3816,-1.9095,1.5279
20210906,-0.3604,-1.9122,1.5518
20210907,-0.3342,-1.9612,1.627
20210908,-0.3334,-1.9252,1.5917
20210909,-0.3289,-1.9424,1.6135
20210910,-0.3453,-1.977,1.6318
20210913,-0.3317,-2.034,1.7023
20210914,-0.3142,-1.9903,1.6761
20210915,-0.3406,-1.973,1.6324
20210916,-0.3047,-1.9506,1.646
20210917,-0.2852,-1.9475,1.6624
20210920,-0.3097,-1.9465,1.6368
20210921,-0.3067,-1.9458,1.639
20210922,-0.3146,-1.9514,1.6368
20210923,-0.3051,-1.9332,1.6281
20210924,-0.2402,-1.9023,1.6621
20210927,-0.2116,-1.8686,1.657
20210928,-0.1961,-1.9432,1.7471
20210929,-0.213,-1.9327,1.7197
20210930,-0.2142,-1.8969,1.6827
20211001,-0.2249,-1.9337,1.7088
20211004,-0.208,-1.9384,1.7305
20211005,-0.2248,-2.0093,1.7844
20211006,-0.1624,-2.0254,1.8631
20211007,-0.1842,-1.9297,1.7455
20211008,-0.1514,-1.9302,1.7788
20211011,-0.1334,-1.9072,1.7738
20211012,-0.1264,-1.9032,1.7768
20211013,-0.1239,-1.9481,1.8242
20211014,-0.1444,-1.9516,1.8072
20211015,-0.1724,-1.9889,1.8165
20211018,-0.1343,-2.0009,1.8666
20211019,-0.1501,-2.0004,1.8502
20211020,-0.1152,-1.9873,1.8721
20211021,-0.1222,-1.9781,1.8559
20211022,-0.0757,-2.0289,1.9532
20211025,-0.0968,-2.0631,1.9663
20211026,-0.1362,-2.1195,1.9832
20211027,-0.1548,-2.1357,1.9809
20211028,-0.1701,-2.0888,1.9187
20211029,-0.1022,-1.953,1.8507
20211101,-0.1034,-1.912,1.8087
20211102,-0.1454,-1.9406,1.7952
20211103,-0.1935,-1.9117,1.7182
20211104,-0.1838,-1.898,1.7142
20211105,-0.2439,-1.9946,1.7507
20211108,-0.2689,-2.0764,1.8075
20211109,-0.2599,-2.1611,1.9012
20211110,-0.2895,-2.14,1.8505
20211111,-0.2464,-2.1202,1.8738
20211112,-0.2407,-2.0927,1.8519
20211115,-0.2806,-2.1305,1.8499
20211116,-0.2377,-2.1413,1.9036
20211117,-0.2483,-2.1662,1.9178
20211118,-0.2595,-2.1525,1.8931
20211119,-0.3297,-2.1555,1.8258
20211122,-0.3414,-2.0994,1.758
20211123,-0.2653,-1.985,1.7196
20211124,-0.2479,-1.9774,1.7294
20211125,-0.246,-1.9631,1.717
20211126,-0.3199,-2.0059,1.686
20211129,-0.3189,-2.0132,1.6943
20211130,-0.3581,-2.0903,1.7323
20211201,-0.3251,-2.0568,1.7317
20211202,-0.3619,-2.0704,1.7085
20211203,-0.3726,-2.1004,1.7278
20211206,-0.3798,-2.1095,1.7297
20211207,-0.3691,-2.1159,1.7468
20211208,-0.3837,-2.1479,1.7642
20211209,-0.3402,-2.1072,1.767
20211210,-0.3451,-2.0977,1.7526
20211213,-0.3684,-2.1209,1.7526
20211214,-0.3768,-2.1423,1.7654
20211215,-0.3776,-2.114,1.7364
20211216,-0.3575,-2.1057,1.7482
20211217,-0.3592,-2.1119,1.7527
20211220,-0.3935,-2.1089,1.7154
20211221,-0.3558,-2.0958,1.74
20211222,-0.288,-2.0997,1.8117
20211223,-0.2744,-2.1267,1.8523
20211227,-0.2363,-2.0723,1.836
20211228,-0.2367,-2.0642,1.8275
20211229,-0.2284,-2.0402,1.8119
20211230,-0.2071,-2.0212,1.8141
20220103,-0.1864,-2.0118,1.8253
20220104,-0.1392,-1.9871,1.8479
20220105,-0.102,-1.9703,1.8683
20220106,-0.0581,-1.8891,1.8309
20220107,-0.0669,-1.9066,1.8397
20220110,-0.0422,-1.884,1.8418
20220111,-0.0597,-1.8738,1.8141
20220112,-0.0495,-1.8931,1.8436
20220113,-0.0542,-1.8791,1.825
20220114,-0.0794,-1.8987,1.8193
20220117,-0.0366,-1.8608,1.8242
20220118,-0.0196,-1.8654,1.8458
20220119,-0.0004,-1.8236,1.8231
20220120,-0.0319,-1.8381,1.8062
20220121,-0.0693,-1.8513,1.782
20220124,-0.0973,-1.8703,1.773
20220125,-0.0814,-1.877,1.7956
20220126,-0.0842,-1.8708,1.7866
20220127,-0.0455,-1.8356,1.7901
20220128,-0.0443,-1.84,1.7957
20220131,-0.0179,-1.8897,1.8719
20220201,-0.0145,-1.8852,1.8707
20220202,0.0224,-1.8681,1.8905
20220203,0.0378,-1.8295,1.8672
20220204,0.1521,-1.6644,1.8166
20220207,0.2262,-1.5963,1.8225
20220208,0.2111,-1.6082,1.8193
20220209,0.2134,-1.5838,1.7972
20220210,0.2373,-1.5849,1.8222
20220211,0.2714,-1.5674,1.8388
20220214,0.1981,-1.6602,1.8583
20220215,0.2794,-1.5871,1.8664
20220216,0.3052,-1.5632,1.8684
20220217,0.2641,-1.594,1.858
20220218,0.2178,-1.6416,1.8594
20220221,0.2137,-1.6528,1.8665
20220222,0.1942,-1.711,1.9052
20220223,0.2404,-1.6922,1.9326
20220224,0.1432,-1.9204,2.0637
20220225,0.1668,-1.8902,2.0569
20220228,0.1873,-1.8811,2.0685
20220301,0.056,-2.0771,2.1331
20220302,-0.0413,-2.339,2.2977
20220303,0.049,-2.2769,2.3259
20220304,-0.0164,-2.3082,2.2918
20220307,-0.068,-2.5977,2.5297
20220308,0.0516,-2.5525,2.6041
20220309,0.1668,-2.3633,2.5302
20220310,0.1621,-2.2129,2.375
20220311,0.2618,-2.0985,2.3602
20220314,0.3411,-2.1455,2.4866
20220315,0.3406,-2.0726,2.4132
20220316,0.369,-2.0067,2.3756
20220317,0.3586,-1.9565,2.3151
20220318,0.3643,-2.0109,2.3752
20220321,0.3969,-1.9785,2.3754
20220322,0.4952,-1.9177,2.4129
20220323,0.4687,-1.9756,2.4443
20220324,0.5189,-2.0091,2.528
20220325,0.5056,-2.0084,2.5141
20220328,0.6072,-1.9328,2.54
20220329,0.6334,-1.9445,2.5779
20220330,0.6496,-1.9854,2.635
20220331,0.5996,-1.9987,2.5983
20220401,0.587,-2.0056,2.5926
20220404,0.4914,-2.0901,2.5815
20220405,0.5377,-2.1192,2.6569
20220406,0.6477,-2.0767,2.7245
20220407,0.6225,-2.0755,2.698
20220408,0.678,-2.03,2.708
20220411,0.771,-1.9739,2.7449
20220412,0.8614,-1.9416,2.8029
20220413,0.8285,-1.9872,2.8157
20220414,0.7865,-1.9746,2.7612
20220419,0.9174,-1.9272,2.8446
20220420,0.8721,-1.9672,2.8393
20220421,0.9209,-1.9114,2.8323
20220422,0.9453,-1.8795,2.8248
20220425,0.9003,-1.8615,2.7618
20220426,0.8259,-1.8935,2.7193
20220427,0.807,-1.9286,2.7356
20220428,0.8223,-1.9246,2.7468
20220429,0.8948,-1.9444,2.8392
20220502,0.9211,-1.9607,2.8818
20220503,0.9802,-1.8405,2.8208
20220504,0.981,-1.8527,2.8337
20220505,0.9879,-1.8044,2.7923
20220506,1.0667,-1.6617,2.7283
20220509,1.1262,-1.4892,2.6154
20220510,1.0611,-1.4481,2.5092
20220511,0.9694,-1.4377,2.4071
20220512,0.889,-1.5727,2.4617
20220513,0.8874,-1.4992,2.3866
20220516,0.9901,-1.479,2.4691
20220517,0.9881,-1.5451,2.5332
20220518,1.0453,-1.4837,2.529
20220519,0.9633,-1.4773,2.4406
20220520,0.986,-1.4837,2.4697
20220523,0.9621,-1.4717,2.4338
20220524,0.9817,-1.4191,2.4008
20220525,0.9521,-1.4137,2.3658
20220526,0.913,-1.3402,2.2532
20220527,0.9957,-1.2843,2.2799
20220530,1.0512,-1.255,2.3062
20220531,1.076,-1.3099,2.3859
20220601,1.1245,-1.2397,2.3643
20220602,1.2086,-1.2201,2.4287
20220603,1.2484,-1.2194,2.4678
20220606,1.2945,-1.2516,2.5461
20220607,1.2925,-1.2152,2.5077
20220608,1.3212,-1.2243,2.5456
20220609,1.3524,-1.2253,2.5777
20220610,1.3956,-1.1375,2.5331
20220613,1.5414,-0.9131,2.4545
20220614,1.6386,-0.7397,2.3783
20220615,1.7512,-0.6206,2.3718
20220616,1.7791,-0.5045,2.2836
20220617,1.6433,-0.5994,2.2427
20220620,1.6303,-0.5027,2.1329
20220621,1.736,-0.4874,2.2233
20220622,1.6793,-0.5577,2.237
20220623,1.445,-0.7772,2.2222
20220624,1.4439,-0.7592,2.2032
20220627,1.4963,-0.7649,2.2612
20220628,1.6129,-0.7074,2.3203
20220629,1.6046,-0.6532,2.2578
20220630,1.4454,-0.7329,2.1782
20220701,1.4123,-0.7627,2.175
20220704,1.3059,-0.8036,2.1095
20220705,1.2784,-0.98,2.2584
20220706,1.2148,-0.9714,2.1862
20220707,1.2819,-0.8692,2.1511
20220708,1.2586,-0.8721,2.1307
20220711,1.2884,-0.8652,2.1536
20220712,1.1053,-1.0458,2.1511
20220714,1.2387,-0.9412,2.1798
20220715,1.0967,-1.0745,2.1712
20220718,1.1826,-0.999,2.1815
20220719,1.2203,-0.9696,2.1899
20220720,1.2182,-0.9606,2.1789
20220721,1.2817,-0.848,2.1297
20220722,1.0494,-1.0491,2.0985
20220725,1.065,-1.0269,2.0919
20220726,0.9657,-1.1975,2.1632
20220727,0.9222,-1.2809,2.2031
20220728,0.9815,-1.2744,2.2559
20220729,0.9031,-1.3285,2.2316
20220801,0.8585,-1.3835,2.2421
20220802,0.7234,-1.5115,2.2349
20220803,0.8425,-1.3921,2.2346
20220804,0.8741,-1.3935,2.2676
20220805,0.8026,-1.4871,2.2897
20220808,0.8781,-1.4597,2.3378
20220809,0.9236,-1.4612,2.3848
20220810,0.8904,-1.4814,2.3719
20220811,0.9123,-1.4314,2.3437
20220812,0.9844,-1.4205,2.4049
20220815,0.9394,-1.4487,2.3881
20220816,0.9212,-1.4527,2.3739
20220817,1.0737,-1.37,2.4438
20220818,1.1051,-1.3785,2.4837
20220819,1.1807,-1.3608,2.5414
20220822,1.2304,-1.3578,2.5882
20220823,1.3079,-1.3065,2.6143
20220824,1.3162,-1.1829,2.4991
20220825,1.3328,-1.2376,2.5704
20220826,1.3434,-1.162,2.5055
20220829,1.5086,-0.9915,2.5001
20220830,1.4742,-0.9887,2.4629
20220831,1.543,-0.9044,2.4473
20220901,1.608,-0.7471,2.3551
20220902,1.5799,-0.7556,2.3354
20220905,1.5603,-0.7999,2.3602
20220906,1.5451,-0.7218,2.267
20220907,1.5756,-0.7124,2.2879
20220908,1.5862,-0.7299,2.3161
20220909,1.7377,-0.6336,2.3712
20220912,1.6938,-0.5909,2.2847
20220913,1.6577,-0.6037,2.2614
20220914,1.7185,-0.6115,2.33
20220915,1.7428,-0.621,2.3638
20220916,1.7706,-0.6109,2.3815
20220919,1.7874,-0.5957,2.3831
20220920,1.8805,-0.5355,2.416
20220921,1.8613,-0.6217,2.483
20220922,1.8654,-0.5941,2.4595
20220923,1.9787,-0.4726,2.4513
20220926,2.0799,-0.326,2.4059
20220927,2.0979,-0.2416,2.3396
20220928,2.3262,-0.025,2.3513
20220929,2.2509,-0.0506,2.3014
20220930,2.1182,-0.0105,2.1286
20221003,2.1163,-0.017,2.1333
20221004,1.8072,-0.3043,2.1116
20221005,1.9586,-0.2007,2.1593
20221006,2.0132,-0.187,2.2002
20221007,2.1259,-0.0682,2.1941
20221010,2.1539,-0.0459,2.1999
20221011,2.3027,0.0645,2.2381
20221012,2.3373,0.0102,2.3271
20221013,2.2968,-0.0558,2.3526
20221014,2.2071,-0.0835,2.2906
20221017,2.2407,-0.063,2.3037
20221018,2.3357,0.046,2.2897
20221019,2.3398,0.0874,2.2523
20221020,2.4304,0.158,2.2724
20221021,2.4783,0.2088,2.2696
20221024,2.407,0.0707,2.3363
20221025,2.2603,-0.0931,2.3534
20221026,2.1607,-0.1556,2.3163
20221027,2.1872,-0.1087,2.2959
20221028,2.0957,-0.3094,2.4052
20221031,2.1515,-0.2698,2.4213
20221101,2.066,-0.2786,2.3446
20221102,2.1453,-0.2325,2.3778
20221103,2.2348,-0.1414,2.3761
20221104,2.2456,-0.1476,2.3932
20221107,2.2794,-0.1704,2.4498
20221108,2.3295,-0.1318,2.4613
20221109,2.2558,-0.1528,2.4087
20221110,2.1821,-0.1967,2.3788
20221111,2.0617,-0.3256,2.3872
20221114,2.1373,-0.2709,2.4082
20221115,2.1052,-0.2213,2.3265
20221116,2.1086,-0.2273,2.336
20221117,1.9833,-0.2599,2.2432
20221118,2.0771,-0.1819,2.2591
20221121,2.0317,-0.2471,2.2787
20221122,2.0035,-0.2197,2.2232
20221123,1.9928,-0.2902,2.283
20221124,1.8367,-0.3851,2.2218
20221125,1.9212,-0.3117,2.2329
20221128,1.9677,-0.2605,2.2281
20221129,1.913,-0.3321,2.245
20221130,1.936,-0.2837,2.2197
20221201,1.8399,-0.4667,2.3066
20221202,1.7817,-0.5828,2.3645
20221205,1.8368,-0.5318,2.3686
20221206,1.8512,-0.4598,2.311
20221207,1.784,-0.4755,2.2595
20221208,1.7625,-0.4879,2.2504
20221209,1.8576,-0.4213,2.2789
20221212,1.9118,-0.3665,2.2783
20221213,1.9431,-0.3223,2.2654
20221214,1.9588,-0.2585,2.2173
20221215,1.9153,-0.2775,2.1928
20221216,2.1842,0.0408,2.1434
20221219,2.1866,0.0681,2.1185
20221220,2.2739,0.1304,2.1435
20221221,2.2851,0.1179,2.1672
20221222,2.3077,0.1637,2.144
20221223,2.3828,0.1833,2.1995
20221227,2.4918,0.2804,2.2114
20221228,2.4755,0.1965,2.279
20221229,2.4849,0.224,2.2609
20221230,2.514,0.2466,2.2674
20230102,2.4796,0.2033,2.2764
20230103,2.3422,0.0344,2.3078
20230104,2.2997,0.0702,2.2295
20230105,2.3005,0.1067,2.1938
20230106,2.3218,0.141,2.1808
20230109,2.2723,0.1074,2.1649
20230110,2.2712,0.1762,2.095
20230111,2.2572,0.1602,2.097
20230112,2.1878,0.0834,2.1044
20230113,2.0997,-0.0271,2.1267
20230116,2.2031,0.1106,2.0925
20230117,2.1853,0.1329,2.0524
20230118,2.0876,-0.0073,2.0949
20230119,2.0165,-0.0397,2.0562
20230120,2.1219,0.0811,2.0408
20230123,2.1721,0.1165,2.0557
20230124,2.1667,0.0595,2.1072
20230125,2.1004,-0.0063,2.1068
20230126,2.1813,0.053,2.1284
20230127,2.2553,0.083,2.1724
20230130,2.2917,0.1093,2.1824
20230131,2.2941,0.1028,2.1912
20230201,2.2573,0.0983,2.159
20230202,2.2485,0.0707,2.1778
20230203,2.1359,-0.0568,2.1926
20230206,2.2638,0.0326,2.2312
20230208,2.3625,0.0763,2.2863
20230210,2.3437,0.0534,2.2903
20230213,2.3522,0.0502,2.302
20230214,2.3581,0.0591,2.299
20230215,2.4074,0.0745,2.3329
20230216,2.4673,0.1029,2.3643
20230217,2.5308,0.1544,2.3764
20230220,2.4455,0.0887,2.3567
20230221,2.4846,0.0959,2.3887
20230222,2.5437,0.1506,2.3931
20230223,2.5242,0.1142,2.41
20230224,2.4617,0.0129,2.4489
20230227,2.5661,0.0684,2.4977
20230228,2.6412,0.1034,2.5379
20230301,2.7168,0.1336,2.5832
20230302,2.7574,0.1244,2.633
20230303,2.696,0.011,2.685
20230306,2.6549,-0.0587,2.7136
20230307,2.6575,0.138,2.5195
20230308,2.6934,0.2067,2.4867
20230309,2.69,0.2341,2.4559
20230310,2.5424,0.1019,2.4405
20230313,2.2686,-0.0995,2.3682
20230314,2.3442,-0.0488,2.393
20230315,2.3199,-0.1043,2.4242
20230316,2.2835,-0.1086,2.3922
20230317,2.2404,-0.0755,2.3159
20230320,2.0208,-0.1571,2.1778
20230321,2.2305,-0.0343,2.2648
20230322,2.3042,-0.0062,2.3104
20230323,2.267,-0.0985,2.3655
20230324,2.0293,-0.3003,2.3296
20230327,2.1857,-0.1242,2.3099
20230328,2.3201,-0.0052,2.3253
20230329,2.2996,-0.0052,2.3048
20230330,2.3176,-0.0565,2.3741
20230331,2.3578,-0.0693,2.4271
20230403,2.3558,-0.0862,2.442
20230404,2.3016,-0.1089,2.4105
20230405,2.2909,-0.1071,2.398
20230406,2.1365,-0.2309,2.3674
20230411,2.2396,-0.1314,2.3709
20230412,2.3185,-0.0674,2.3859
20230413,2.3892,-0.0547,2.4439
20230414,2.388,-0.0368,2.4249
20230417,2.4393,-0.0051,2.4444
20230418,2.4918,0.0248,2.4671
20230419,2.5233,0.0668,2.4565
20230420,2.4858,0.0567,2.4291
20230421,2.4427,0.0027,2.4401
20230424,2.4637,0.0346,2.4291
20230425,2.4529,-0.0074,2.4603
20230426,2.3385,-0.0769,2.4154
20230427,2.4381,0.0354,2.4027
20230428,2.3759,-0.0097,2.3856
20230502,2.3663,-0.0426,2.4089
20230503,2.243,-0.0873,2.3303
20230504,2.2596,-0.0327,2.2923
20230505,2.2609,-0.0397,2.3006
20230508,2.3186,-0.0159,2.3345
20230509,2.3357,-0.0079,2.3436
20230510,2.3475,-0.0319,2.3793
20230511,2.302,-0.039,2.341
20230515,2.2975,-0.0031,2.3006
20230516,2.2902,-0.001,2.2913
20230517,2.3283,0.016,2.3123
20230518,2.3982,0.0653,2.3329
20230519,2.4555,0.1028,2.3527
20230522,2.4108,0.0691,2.3416
20230523,2.4829,0.1056,2.3773
20230524,2.4603,0.0508,2.4094
20230525,2.4833,0.0264,2.4569
20230526,2.5307,0.0769,2.4537
20230529,2.4916,0.0091,2.4824
20230530,2.4158,-0.004,2.4198
20230531,2.281,-0.0048,2.2858
20230601,2.3016,-0.0233,2.3249
20230602,2.284,-0.024,2.308
20230605,2.3742,0.012,2.3622
20230606,2.3321,-0.0029,2.3351
20230607,2.3773,0.0429,2.3344
20230609,2.4233,0.0979,2.3254
20230612,2.387,0.0897,2.2973
20230613,2.3841,0.107,2.2771
20230614,2.4531,0.1501,2.303
20230615,2.4916,0.1677,2.3239
20230616,2.4928,0.1284,2.3644
20230619,2.4922,0.1395,2.3526
20230620,2.4947,0.1199,2.3748
20230621,2.4212,0.0418,2.3794
20230622,2.454,0.0895,2.3645
20230623,2.3737,0.0124,2.3613
20230626,2.3243,-0.0432,2.3675
20230627,2.3302,-0.0545,2.3848
20230628,2.3357,-0.0285,2.3642
20230629,2.3612,0.0131,2.3481
20230630,2.4415,0.0783,2.3632
20230703,2.3933,0.0449,2.3484
20230704,2.4688,0.1043,2.3646
20230705,2.4184,0.0726,2.3458
20230706,2.5251,0.1461,2.379
20230707,2.6422,0.2432,2.399
20230710,2.6617,0.2741,2.3876
20230711,2.597,0.2255,2.3715
20230712,2.636,0.2538,2.3822
20230713,2.4887,0.1347,2.3539
20230714,2.4888,0.1574,2.3315
20230717,2.4765,0.1765,2.3
20230718,2.4072,0.1046,2.3026
20230719,2.3383,0.0546,2.2837
20230720,2.4264,0.1273,2.2991
20230721,2.4797,0.1437,2.3361
20230724,2.3968,0.0773,2.3195
20230725,2.436,0.095,2.3411
20230726,2.4397,0.058,2.3817
20230727,2.4862,0.1046,2.3816
20230728,2.4978,0.0924,2.4055
20230731,2.5172,0.0779,2.4393
20230801,2.5016,0.0682,2.4335
20230802,2.5164,0.0674,2.449
20230803,2.5747,0.1223,2.4524
20230804,2.6138,0.123,2.4907
20230807,2.5752,0.0761,2.4991
20230808,2.4875,0.0108,2.4768
20230809,2.4595,0.0086,2.4509
20230810,2.5277,0.1006,2.4271
20230811,2.5608,0.1267,2.4342
20230814,2.6129,0.1674,2.4455
20230815,2.6974,0.2138,2.4836
20230816,2.6558,0.197,2.4588
20230817,2.6872,0.2332,2.4539
20230818,2.6121,0.1966,2.4155
20230821,2.647,0.2119,2.4351
20230822,2.6702,0.2116,2.4586
20230823,2.5401,0.1066,2.4335
20230824,2.482,0.1033,2.3787
20230825,2.5437,0.1551,2.3887
20230828,2.5726,0.2006,2.372
20230829,2.5726,0.1621,2.4106
20230830,2.5464,0.1598,2.3865
20230831,2.5042,0.1281,2.3761
20230901,2.4769,0.1332,2.3437
20230904,2.5639,0.1944,2.3695
20230905,2.5964,0.1958,2.4005
20230906,2.6151,0.1795,2.4356
20230907,2.6268,0.1909,2.4359
20230908,2.5991,0.1584,2.4408
20230911,2.5993,0.1502,2.4492
20230912,2.6292,0.1605,2.4687
20230913,2.6714,0.1783,2.4931
20230914,2.6411,0.1498,2.4913
20230915,2.6404,0.1468,2.4936
20230918,2.6874,0.1827,2.5047
20230919,2.7087,0.2084,2.5004
20230920,2.7088,0.2581,2.4507
20230921,2.7502,0.2838,2.4664
20230922,2.7315,0.2545,2.477
20230925,2.7894,0.2981,2.4913
20230926,2.8075,0.3723,2.4352
20230927,2.7839,0.3542,2.4297
20230928,2.9223,0.4684,2.4539
20231002,2.8772,0.5142,2.363
20231003,2.9312,0.5548,2.3764
20231004,2.9762,0.6244,2.3517
20231005,2.9515,0.6363,2.3151
20231006,2.8952,0.6104,2.2849
20231009,2.8507,0.5293,2.3214
20231010,2.8019,0.4394,2.3624
20231011,2.7238,0.3834,2.3404
20231012,2.7404,0.4332,2.3072
20231013,2.7581,0.4425,2.3156
20231016,2.783,0.4479,2.3351
20231017,2.812,0.478,2.334
20231018,2.9197,0.5105,2.4092
20231019,2.9515,0.557,2.3945
20231020,2.9267,0.5035,2.4232
20231023,2.9567,0.5581,2.3986
20231024,2.8001,0.4463,2.3537
20231025,2.8527,0.5119,2.3408
20231026,2.8931,0.5436,2.3495
20231027,2.8394,0.4935,2.3459
20231030,2.8105,0.5085,2.302
20231031,2.7931,0.459,2.3341
20231101,2.8399,0.5321,2.3078
20231102,2.7253,0.4473,2.278
20231103,2.7353,0.4501,2.2852
20231106,2.7142,0.4439,2.2703
20231107,2.712,0.4813,2.2307
20231108,2.655,0.4353,2.2197
20231109,2.657,0.4485,2.2085
20231110,2.7389,0.513,2.2259
20231113,2.7209,0.4613,2.2595
20231114,2.7136,0.4653,2.2483
20231115,2.6004,0.3905,2.2098
20231116,2.6326,0.4488,2.1838
20231117,2.5348,0.3828,2.152
20231120,2.6068,0.3928,2.2139
20231121,2.6071,0.4115,2.1955
20231122,2.583,0.3676,2.2154
20231123,2.5947,0.2153,2.3794
20231124,2.6561,0.3366,2.3195
20231127,2.6393,0.3854,2.2539
20231128,2.5474,0.2938,2.2536
20231129,2.4615,0.2742,2.1873
20231130,2.4296,0.3022,2.1275
20231201,2.4393,0.2385,2.2008
20231204,2.3821,0.2397,2.1424
20231205,2.3203,0.2022,2.1181
20231206,2.2735,0.1572,2.1163
20231207,2.1866,0.1167,2.0699
20231208,2.2427,0.1481,2.0945
20231211,2.2642,0.1737,2.0906
20231212,2.2399,0.1693,2.0706
20231213,2.2114,0.1761,2.0353
20231214,2.0715,0.0154,2.0561
20231215,2.0486,0.0261,2.0225
20231218,2.0309,0.0266,2.0043
20231219,2.0384,0.0565,1.9819
20231220,2.0003,0.0174,1.9829
20231221,1.9808,-0.0303,2.0111
20231227,1.9473,-0.0499,1.9972
20231228,1.9351,-0.0619,1.997
20231229,2.0365,0.0377,1.9988
20240102,2.113,0.1004,2.0126
20240103,2.0797,0.0689,2.0108
20240104,2.0836,0.0784,2.0052
20240105,2.1766,0.1472,2.0294
20240108,2.1798,0.1255,2.0543
20240109,2.2014,0.1382,2.0632
20240110,2.1962,0.1339,2.0623
20240111,2.2078,0.1728,2.035
20240112,2.1781,0.1315,2.0466
20240115,2.1984,0.1379,2.0605
20240116,2.2214,0.1552,2.0662
20240117,2.2591,0.2041,2.055
20240118,2.3061,0.2531,2.053
20240119,2.3212,0.2722,2.0489
20240122,2.2867,0.2396,2.0471
20240123,2.3026,0.2677,2.0349
20240124,2.3027,0.2677,2.035
20240125,2.3632,0.3309,2.0322
20240126,2.2545,0.242,2.0125
20240129,2.2303,0.2012,2.0292
20240130,2.2326,0.2175,2.0151
20240131,2.216,0.213,2.003
20240201,2.2057,0.2159,1.9899
20240202,2.1715,0.1993,1.9723
20240205,2.2767,0.2651,2.0116
20240206,2.3246,0.2744,2.0502
20240207,2.2829,0.24,2.0429
20240208,2.2966,0.2499,2.0467
20240209,2.3526,0.2951,2.0575
20240212,2.352,0.2935,2.0586
20240213,2.3579,0.3057,2.0522
20240214,2.3684,0.3087,2.0597
20240215,2.3058,0.2876,2.0183
20240216,2.3802,0.3502,2.03
20240219,2.3899,0.3555,2.0344
20240220,2.383,0.3622,2.0209
20240222,2.4512,0.4282,2.023
20240223,2.4699,0.4655,2.0044
20240226,2.3651,0.3812,1.9838
20240227,2.4178,0.3988,2.0191
20240228,2.4515,0.3972,2.0542
20240229,2.5057,0.3949,2.1107
20240301,2.4091,0.3363,2.0728
20240304,2.386,0.3296,2.0564
20240305,2.3736,0.3217,2.0518
20240306,2.3542,0.3055,2.0486
20240307,2.3114,0.2841,2.0273
20240308,2.2664,0.2456,2.0207
20240311,2.2634,0.2408,2.0226
20240312,2.2925,0.2678,2.0248
20240313,2.3126,0.2844,2.0281
20240314,2.3711,0.2998,2.0714
20240315,2.4435,0.3419,2.1016
20240318,2.4607,0.3702,2.0905
20240319,2.4405,0.3325,2.108
20240320,2.4222,0.325,2.0972
20240321,2.3979,0.3083,2.0896
20240322,2.3742,0.277,2.0971
20240325,2.3415,0.2556,2.0859
20240326,2.352,0.2512,2.1008
20240327,2.338,0.2361,2.1019
20240328,2.318,0.2133,2.1047
20240402,2.363,0.2416,2.1214
20240403,2.3981,0.2638,2.1344
20240404,2.3777,0.2281,2.1495
20240405,2.3636,0.2275,2.1361
20240408,2.4553,0.2805,2.1748
20240409,2.4045,0.2739,2.1306
20240410,2.3543,0.2287,2.1256
20240411,2.4711,0.298,2.1731
20240412,2.3907,0.2306,2.16
20240415,2.3945,0.2237,2.1708
20240416,2.4574,0.2359,2.2215
20240417,2.4876,0.2509,2.2367
20240418,2.4497,0.2477,2.202
20240419,2.4698,0.2652,2.2046
20240422,2.5362,0.3453,2.1909
20240423,2.4941,0.3104,2.1836
20240424,2.5495,0.3406,2.2089
20240425,2.5784,0.3617,2.2166
20240426,2.6104,0.3934,2.217
20240429,2.5351,0.3627,2.1724
20240430,2.5564,0.3682,2.1882
20240502,2.5542,0.3905,2.1637
20240506,2.4528,0.3279,2.1248
20240507,2.4451,0.3147,2.1303
20240508,2.4427,0.3297,2.113
20240509,2.5101,0.3659,2.1441
20240510,2.4698,0.3235,2.1463
20240513,2.5212,0.3784,2.1429
20240514,2.5135,0.3631,2.1504
20240515,2.4912,0.358,2.1332
20240516,2.4331,0.3059,2.1272
20240517,2.4925,0.3496,2.1429
20240520,2.5269,0.3878,2.1392
20240521,2.5143,0.3903,2.124
20240522,2.5404,0.4094,2.131
20240523,2.5568,0.4268,2.1299
20240524,2.5862,0.4568,2.1294
20240527,2.6013,0.4683,2.133
20240528,2.5603,0.4429,2.1174
20240529,2.6272,0.4857,2.1415
20240530,2.6802,0.5288,2.1514
20240531,2.7069,0.5548,2.1521
20240603,2.6544,0.5062,2.1482
20240604,2.5697,0.4791,2.0906
20240605,2.5557,0.4674,2.0882
20240606,2.5402,0.4519,2.0882
20240607,2.5822,0.4847,2.0975
20240610,2.6561,0.5355,2.1206
20240611,2.6697,0.5179,2.1518
20240612,2.6038,0.497,2.1068
20240613,2.5573,0.4676,2.0897
20240614,2.4029,0.3431,2.0598
20240617,2.4018,0.3319,2.0698
20240618,2.4285,0.3383,2.0903
20240619,2.4068,0.312,2.0948
20240620,2.4409,0.381,2.0599
20240621,2.3803,0.3181,2.0622
20240624,2.423,0.3529,2.0701
20240625,2.4302,0.3735,2.0566
20240626,2.4433,0.394,2.0492
20240627,2.4806,0.426,2.0545
20240628,2.4756,0.4068,2.0687
20240701,2.5971,0.5124,2.0847
20240702,2.6133,0.5361,2.0772
20240703,2.616,0.5477,2.0683
20240704,2.5817,0.5216,2.0601
20240705,2.5819,0.5045,2.0774
20240708,2.5661,0.4927,2.0734
20240709,2.5475,0.4882,2.0593
20240710,2.5289,0.4843,2.0446
20240711,2.5317,0.4856,2.0461
20240712,2.501,0.4507,2.0503
20240715,2.4606,0.4284,2.0322
20240716,2.4299,0.4066,2.0233
20240717,2.4015,0.3708,2.0307
20240718,2.4273,0.3903,2.037
20240719,2.4101,0.3731,2.037
20240722,2.4666,0.4301,2.0365
20240723,2.4554,0.4275,2.0279
20240724,2.4196,0.4008,2.0188
20240725,2.4089,0.4136,1.9953
20240726,2.4344,0.4421,1.9923
20240729,2.3519,0.3705,1.9814
20240730,2.3618,0.3931,1.9687
20240731,2.3245,0.3627,1.9618
20240801,2.2865,0.3067,1.9798
20240802,2.2179,0.2652,1.9527
20240805,2.1289,0.2563,1.8726
20240806,2.1704,0.2904,1.88
20240807,2.2701,0.3599,1.9101
20240808,2.2272,0.3197,1.9075
20240809,2.2442,0.3438,1.9004
20240812,2.2356,0.3378,1.8978
20240814,2.2008,0.3273,1.8735
20240815,2.1952,0.3346,1.8606
20240816,2.2383,0.3693,1.869
20240819,2.2166,0.3607,1.8558
20240820,2.241,0.395,1.846
20240821,2.2178,0.3785,1.8392
20240822,2.2188,0.4026,1.8162
20240823,2.2543,0.3913,1.863
20240826,2.2348,0.3473,1.8876
20240828,2.2559,0.3937,1.8623
20240829,2.2317,0.376,1.8557
20240830,2.2593,0.4084,1.8508
20240902,2.3356,0.4638,1.8718
20240903,2.3333,0.4481,1.8852
20240904,2.2486,0.4056,1.843
20240905,2.2262,0.3961,1.83
20240906,2.1697,0.3656,1.8042
20240909,2.2388,0.4193,1.8196
20240910,2.17,0.3813,1.7887
20240911,2.1151,0.3543,1.7608
20240912,2.1382,0.3814,1.7568
20240913,2.1354,0.3765,1.7589
20240916,2.1565,0.3531,1.8034
20240917,2.1078,0.3067,1.8011
20240918,2.1739,0.3472,1.8267
20240919,2.2062,0.3767,1.8294
20240920,2.1815,0.3659,1.8156
20240923,2.1673,0.3641,1.8032
20240924,2.1953,0.3606,1.8346
20240925,2.1648,0.3128,1.852
20240926,2.1547,0.3065,1.8482
20240927,2.1388,0.3227,1.8161
20240930,2.1722,0.3485,1.8237
20241001,2.0732,0.2465,1.8267
20241002,2.0943,0.2374,1.8569
20241003,2.1462,0.2672,1.879
20241004,2.1808,0.2449,1.9359
20241007,2.265,0.2977,1.9674
20241008,2.2636,0.2856,1.978
20241009,2.2415,0.2906,1.9509
20241010,2.2834,0.2909,1.9925
20241011,2.2963,0.2662,2.0301
20241014,2.2728,0.263,2.0098
20241015,2.2407,0.2884,1.9523
20241016,2.2063,0.2727,1.9336
20241017,2.2238,0.2993,1.9245
20241018,2.2198,0.2808,1.9389
20241021,2.2479,0.3097,1.9382
20241022,2.3325,0.3724,1.96
20241023,2.3305,0.3438,1.9867
20241024,2.2872,0.3431,1.9442
20241025,2.2962,0.3841,1.9121
20241028,2.3035,0.4346,1.8689
20241029,2.3352,0.4436,1.8917
20241030,2.324,0.4416,1.8824
20241031,2.4225,0.5134,1.9092
20241101,2.4185,0.4871,1.9314
20241104,2.4444,0.4895,1.9549
20241105,2.4317,0.4813,1.9505
20241106,2.4076,0.4076,2
20241107,2.4989,0.4639,2.035
20241108,2.3968,0.3999,1.9969
20241111,2.3386,0.369,1.9696
20241112,2.3252,0.3707,1.9544
20241113,2.389,0.4287,1.9603
20241114,2.4047,0.452,1.9527
20241115,2.3471,0.4143,1.9328
20241118,2.4088,0.4651,1.9437
20241119,2.315,0.376,1.9389
20241120,2.3717,0.4198,1.9519
20241121,2.3343,0.4113,1.923
20241122,2.2561,0.3372,1.9189
20241125,2.2608,0.358,1.9029
20241126,2.2237,0.3303,1.8933
20241127,2.1661,0.3199,1.8462
20241128,2.18,0.3081,1.872
20241129,2.1336,0.265,1.8686
20241202,2.0781,0.2267,1.8514
20241203,2.0855,0.2477,1.8379
20241204,2.1018,0.2665,1.8353
20241205,2.0949,0.2498,1.8452
20241206,2.1428,0.2934,1.8494
20241209,2.1281,0.282,1.8461
20241210,2.1443,0.3093,1.835
20241211,2.1401,0.2995,1.8406
20241212,2.188,0.3169,1.8711
20241213,2.2536,0.3611,1.8925
20241216,2.2622,0.3623,1.8999
20241217,2.2573,0.3895,1.8679
20241218,2.2714,0.4066,1.8649
20241219,2.2987,0.4306,1.8681
20241220,2.3201,0.4499,1.8702
20241223,2.3323,0.4664,1.8659
20241227,2.4095,0.5143,1.8952
20241230,2.4131,0.5355,1.8775
20250102,2.3832,0.4801,1.9031
20250103,2.406,0.4849,1.9211
20250106,2.4714,0.504,1.9674
20250107,2.483,0.5005,1.9824
20250108,2.5065,0.4875,2.019
20250109,2.55,0.534,2.016
20250110,2.5759,0.5422,2.0337
20250113,2.619,0.5692,2.0498
20250114,2.6168,0.5754,2.0414
20250115,2.626,0.5874,2.0386
20250116,2.5636,0.5283,2.0354
20250117,2.524,0.521,2.003
20250120,2.5337,0.5088,2.025
20250121,2.5039,0.5171,1.9869
20250122,2.5006,0.5032,1.9975
20250123,2.5328,0.5524,1.9804
20250124,2.5742,0.556,2.0182
20250127,2.5177,0.5358,1.9819
20250128,2.5472,0.5797,1.9674
20250129,2.5346,0.5491,1.9855
20250130,2.5222,0.5371,1.9852
20250131,2.4744,0.5056,1.9688
20250203,2.3991,0.4208,1.9783
20250204,2.4207,0.4593,1.9613
20250205,2.3487,0.4138,1.9349
20250206,2.3713,0.4584,1.913
20250207,2.36,0.4436,1.9164
20250210,2.3751,0.4441,1.931
20250211,2.4,0.4553,1.9447
20250212,2.45,0.5093,1.9407
20250213,2.4626,0.5437,1.9189
20250214,2.4229,0.523,1.8999
20250217,2.4966,0.5743,1.9222
20250218,2.5082,0.601,1.9072
20250219,2.5245,0.584,1.9405
20250220,2.5513,0.6078,1.9434
20250221,2.5026,0.5798,1.9228
20250224,2.4749,0.5808,1.8942
20250225,2.4705,0.5814,1.8891
20250226,2.4399,0.5649,1.875
20250227,2.4447,0.5517,1.8929
20250228,2.3876,0.5074,1.8802
20250303,2.4638,0.5471,1.9167
20250304,2.4704,0.5483,1.9221
20250305,2.6887,0.6575,2.0312
20250306,2.8738,0.7448,2.1291
20250307,2.8343,0.7682,2.0661
20250310,2.8172,0.8038,2.0134
20250311,2.8859,0.8028,2.0831
20250312,2.9299,0.8192,2.1107
20250313,2.9146,0.8274,2.0872
20250314,2.898,0.8305,2.0674
20250317,2.8349,0.7746,2.0603
20250318,2.8586,0.7782,2.0804
20250319,2.794,0.7451,2.049
20250320,2.782,0.7267,2.0553
20250321,2.7726,0.7174,2.0552
20250324,2.7943,0.7463,2.0481
20250325,2.8375,0.7598,2.0777
20250326,2.8082,0.7598,2.0484
20250327,2.8053,0.7598,2.0455
20250328,2.747,0.7166,2.0304
20250331,2.708,0.6841,2.0239
20250401,2.6964,0.6593,2.0371
20250402,2.7049,0.6779,2.027
20250403,2.6791,0.6654,2.0137
20250404,2.5607,0.6459,1.9149
20250407,2.481,0.5913,1.8898
20250408,2.6553,0.7191,1.9362
20250409,2.6341,0.6962,1.9379
20250410,2.6737,0.7378,1.9359
20250411,2.5855,0.6893,1.8961
20250414,2.5771,0.6721,1.9051
20250415,2.5316,0.6462,1.8854
20250416,2.5271,0.6822,1.8449
20250417,2.5568,0.6747,1.8821
20250422,2.484,0.6036,1.8804
20250423,2.5064,0.6004,1.906
20250424,2.4945,0.6002,1.8942
20250425,2.5108,0.5915,1.9193
20250428,2.5375,0.6002,1.9373
20250429,2.5286,0.6161,1.9126
20250430,2.4987,0.6171,1.8817
20250502,2.5003,0.5866,1.9138
20250505,2.5563,0.6547,1.9015
20250506,2.5853,0.6484,1.9369
20250507,2.567,0.6325,1.9345
20250508,2.5431,0.6309,1.9122
20250509,2.6238,0.6797,1.9441
20250512,2.6702,0.7112,1.959
20250513,2.7183,0.7502,1.9681
20250514,2.7182,0.7504,1.9677
20250515,2.7222,0.7783,1.9438
20250516,2.6148,0.6903,1.9245
20250519,2.695,0.7261,1.9689
20250520,2.6065,0.672,1.9345
20250521,2.7091,0.7391,1.97
20250522,2.6915,0.7442,1.9472
20250523,2.6684,0.7503,1.9181
20250526,2.6418,0.7306,1.9112
20250527,2.5695,0.7084,1.8611
20250528,2.601,0.7321,1.8689
20250529,2.6099,0.7334,1.8765
20250530,2.5724,0.7071,1.8653
20250602,2.5977,0.7343,1.8634
20250603,2.5481,0.6923,1.8557
20250604,2.5849,0.7271,1.8578
20250605,2.5408,0.7099,1.8309
20250606,2.5946,0.7363,1.8584
20250609,2.5775,0.7139,1.8637
20250610,2.5944,0.7294,1.865
20250611,2.6008,0.7296,1.8712
20250612,2.5539,0.6843,1.8696
20250613,2.5413,0.6227,1.9186
20250616,2.6135,0.7031,1.9104
20250617,2.6011,0.6926,1.9084
20250618,2.5992,0.6688,1.9305
20250619,2.5787,0.6504,1.9283
20250620,2.5767,0.6445,1.9322
20250623,2.5997,0.6676,1.9321
20250624,2.6079,0.6913,1.9166
20250625,2.598,0.7068,1.8912
20250626,2.6128,0.7222,1.8906
20250627,2.6244,0.7103,1.9141
20250630,2.6351,0.7203,1.9148
20250701,2.6065,0.702,1.9045
20250702,2.6371,0.7264,1.9107
20250703,2.6349,0.7226,1.9123
20250704,2.584,0.6972,1.8868
20250707,2.5837,0.6975,1.8862
20250708,2.7006,0.7907,1.9098
20250709,2.6772,0.7809,1.8963
20250710,2.6777,0.7806,1.897
20250711,2.7328,0.8322,1.9007
20250714,2.7171,0.8181,1.899
20250715,2.6901,0.7975,1.8926
20250716,2.7134,0.8159,1.8974
20250717,2.6974,0.8035,1.8939
20250718,2.6987,0.7961,1.9027
20250721,2.647,0.7566,1.8905
20250722,2.6295,0.7372,1.8923
20250723,2.624,0.7262,1.8978
20250724,2.6631,0.7505,1.9126
20250725,2.7558,0.8133,1.9425
20250728,2.6935,0.7733,1.9202
20250729,2.7033,0.7805,1.9229
20250730,2.6887,0.7697,1.919
20250731,2.6945,0.7782,1.9163
20250801,2.7096,0.7942,1.9154
20250805,2.6263,0.7656,1.8607
20250806,2.6433,0.7601,1.8833
20250807,2.6272,0.7456,1.8816
20250808,2.6512,0.7701,1.8811
20250811,2.6789,0.7963,1.8826
20250812,2.6962,0.8103,1.8859
20250813,2.6962,0.8209,1.8752
20250814,2.6556,0.7833,1.8723
20250815,2.7335,0.8575,1.876
20250818,2.7521,0.8728,1.8792
20250819,2.7711,0.9034,1.8678
20250820,2.7306,0.8585,1.8721
20250821,2.7322,0.8727,1.8594
20250822,2.75,0.8879,1.862
20250825,2.7557,0.8837,1.872
20250826,2.7374,0.8626,1.8748
20250827,2.7004,0.8236,1.8769
20250828,2.7078,0.8096,1.8981
20250829,2.7116,0.8299,1.8817
20250901,2.756,0.8836,1.8724
20250902,2.7871,0.8985,1.8886
20250903,2.7864,0.9085,1.8779
20250904,2.7194,0.8639,1.8555
20250905,2.7225,0.8577,1.8648
20250908,2.6702,0.829,1.8413
20250909,2.674,0.8361,1.8379
20250910,2.6564,0.8068,1.8495
20250911,2.6726,0.826,1.8466
20250912,2.7049,0.8485,1.8564
20250915,2.6976,0.8458,1.8518
20250916,2.7011,0.8476,1.8535
20250917,2.6903,0.8365,1.8538
20250918,2.6954,0.8414,1.854
20250919,2.7464,0.8814,1.865
20250922,2.7531,0.8847,1.8684
20250923,2.7596,0.8875,1.8721
20250924,2.7567,0.8816,1.8751
20250925,2.7582,0.8762,1.8821
20250926,2.7727,0.8852,1.8875
20250929,2.7396,0.8387,1.9008
20250930,2.7271,0.8382,1.889
20251001,2.7471,0.8656,1.8815
20251002,2.7237,0.8552,1.8685
20251003,2.7177,0.8491,1.8686
20251006,2.7351,0.8515,1.8836
20251007,2.751,0.8599,1.8911
20251008,2.7102,0.8138,1.8964
20251009,2.7131,0.812,1.9011
20251010,2.6992,0.8032,1.896
20251013,2.6563,0.7704,1.8859
20251014,2.6155,0.7378,1.8778
20251016,2.5933,0.7135,1.8798
20251017,2.5679,0.7158,1.8521
20251020,2.6135,0.7433,1.8702
20251021,2.5916,0.7277,1.8639
20251022,2.5707,0.7028,1.8678
20251023,2.6036,0.707,1.8967
20251024,2.6369,0.753,1.884
20251027,2.6599,0.7727,1.8873
20251028,2.6355,0.761,1.8746
20251029,2.6501,0.773,1.8771
20251030,2.6702,0.7841,1.8861
20251031,2.6691,0.7811,1.8881
20251103,2.663,0.7705,1.8926
20251104,2.6716,0.7693,1.9023
20251105,2.6787,0.7666,1.912
20251106,2.6898,0.7881,1.9017
20251107,2.7013,0.7944,1.9069
20251110,2.7038,0.7915,1.9123
20251111,2.6983,0.7928,1.9055
20251112,2.696,0.7875,1.9085
20251113,2.6743,0.7731,1.9012
20251114,2.7389,0.8266,1.9123
20251117,2.7365,0.8203,1.9162
20251118,2.7233,0.8041,1.9191
20251119,2.7402,0.8119,1.9283
20251120,2.7553,0.8382,1.9171
20251121,2.7104,0.8161,1.8942
20251124,2.7242,0.8299,1.8942
20251125,2.7256,0.8387,1.8869
20251126,2.7114,0.8249,1.8865
20251127,2.719,0.8237,1.8953
20251128,2.7234,0.8239,1.8995
20251201,2.7622,0.8561,1.9061
20251202,2.7953,0.8887,1.9066
20251203,2.7933,0.8899,1.9035
20251204,2.7918,0.9038,1.888
20251205,2.8146,0.9095,1.9051
20251208,2.8742,0.9428,1.9314
20251209,2.8922,0.9666,1.9255
20251210,2.922,0.9917,1.9303
20251211,2.9,0.9757,1.9243
20251212,2.8982,0.9722,1.9261
20251215,2.8839,0.9654,1.9185
20251216,2.8923,0.9831,1.9092
20251217,2.8879,0.9872,1.9007
20251218,2.8928,1.0022,1.8906
20251219,2.9293,1.0382,1.8911
20251222,2.9436,1.0531,1.8905
20251223,2.9134,1.0232,1.8902
20251229,2.8992,1.0214,1.8778
20251230,2.8946,1.0079,1.8867
20260102,2.9159,1.0227,1.8932
20260105,2.9488,1.0482,1.9006
20260106,2.9054,0.9953,1.91
20260107,2.8261,0.9602,1.8659
20260108,2.8616,0.9796,1.882
20260109,2.855,0.9629,1.8922
20260112,2.8505,0.9474,1.9031
20260113,2.8557,0.9438,1.9119
20260114,2.8409,0.9274,1.9135
20260115,2.8109,0.8848,1.9261
20260116,2.8215,0.8897,1.9318
20260119,2.8243,0.8652,1.9591
20260120,2.8751,0.882,1.9932
20260121,2.8557,0.8681,1.9877
20260122,2.8629,0.8777,1.9852
20260123,2.8943,0.9316,1.9627
20260126,2.8776,0.9112,1.9663
20260127,2.8766,0.9044,1.9722
20260128,2.8467,0.8517,1.995
20260129,2.847,0.8442,2.0027
20260130,2.8448,0.8282,2.0165
20260202,2.8441,0.8476,1.9964
20260203,2.8771,0.8969,1.9803
20260204,2.8749,0.8847,1.9902
20260205,2.8693,0.8806,1.9886
20260206,2.8219,0.8515,1.9704
20260209,2.8526,0.8803,1.9724
20260210,2.8238,0.8668,1.957
20260211,2.7963,0.8389,1.9574
20260212,2.793,0.8349,1.9581
20260213,2.7712,0.8315,1.9398
20260216,2.7634,0.8219,1.9415
20260217,2.7319,0.8087,1.9232
20260218,2.7405,0.8106,1.9299
20260219,2.7561,0.8095,1.9466
20260220,2.7394,0.7963,1.9431
20260223,2.7404,0.8047,1.9357
20260224,2.7088,0.781,1.9278
20260225,2.7267,0.7991,1.9277
20260226,2.7169,0.7899,1.927
20260227,2.6936,0.746,1.9475
20260302,2.6748,0.708,1.9669
20260303,2.8065,0.7551,2.0514
20260304,2.774,0.7504,2.0237
20260305,2.8048,0.7867,2.0181
20260306,2.8668,0.8005,2.0663
20260309,2.9086,0.6053,2.3033
20260310,2.8658,0.7348,2.1311
20260311,2.909,0.7465,2.1625
20260312,2.9523,0.6988,2.2535
20260313,2.9697,0.6732,2.2965
20260316,2.9808,0.678,2.3028
20260317,2.9483,0.6587,2.2897
20260318,2.9035,0.6737,2.2298
20260319,2.9939,0.6307,2.3632
20260320,3.0128,0.716,2.2968
20260323,3.0897,0.7516,2.3381
20260324,3.0293,0.7813,2.248
20260325,2.9995,0.7779,2.2215
20260326,3.0462,0.8052,2.241
20260327,3.1406,0.8395,2.3011
20260330,3.1153,0.7777,2.3376
20260331,3.0552,0.7339,2.3213
20260401,2.9803,0.7083,2.2719
20260402,3.0548,0.7488,2.3061
20260407,3.025,0.7286,2.2964
20260408,2.9442,0.712,2.2322
20260409,3.0165,0.788,2.2285
20260410,3.0578,0.8182,2.2396
20260413,3.0992,0.8302,2.269
20260414,3.0817,0.8393,2.2424
20260415,3.0582,0.8038,2.2544
20260416,3.059,0.8172,2.2418
20260417,3.0628,0.8177,2.2451
20260420,3.0253,0.8169,2.2084
20260421,3.0042,0.7959,2.2083
20260422,3.0342,0.8072,2.2271
20260423,3.063,0.7989,2.2642
20260424,3.0675,0.7811,2.2864
20260427,3.0477,0.7338,2.314
20260428,3.0965,0.7414,2.3551
20260429,3.1144,0.7724,2.342
20260430,3.1415,0.7539,2.3876
20260504,3.0923,0.7372,2.3551
20260505,3.102,0.7306,2.3714
20260506,3.0376,0.6677,2.3699
20260507,3.0351,0.7661,2.269
20260508,3.0421,0.7808,2.2613
20260511,3.0681,0.7743,2.2938
20260512,3.1339,0.7859,2.348
20260513,3.1367,0.7888,2.3479
20260514,3.1285,0.7794,2.3491
20260515,3.1567,0.804,2.3526
20260518,3.2158,0.8305,2.3853
20260519,3.1997,0.8356,2.3641
20260520,3.2091,0.8706,2.3386
20260521,3.123,0.8485,2.2745
20260522,3.1013,0.8308,2.2706
20260525,2.9949,0.8001,2.1948
20260526,3.0194,0.8323,2.1871
20260527,2.9995,0.8401,2.1594
20260528,3.0451,0.8586,2.1865
20260529,2.9959,0.8375,2.1584
20260601,3.026,0.8754,2.1506
20260602,2.9965,0.8431,2.1533
20260603,3.0519,0.8577,2.1941
20260604,3.0756,0.8927,2.1828
20260605,3.0639,0.9036,2.1602
20260608,3.1038,0.9171,2.1867
20260609,3.0854,0.9443,2.1411
20260610,3.0917,0.9546,2.1371
20260611,3.1014,0.9543,2.1471
20260612,3.0184,0.9256,2.0928
20260615,2.9906,0.9297,2.0609
20260616,2.9717,0.9178,2.0539
20260617,2.9629,0.9414,2.0215
20260618,2.9705,0.975,1.9955
20260619,3.007,0.9859,2.021
20260622,3.0109,0.997,2.0139
20260623,2.9715,0.9711,2.0004
20260624,2.9437,0.9872,1.9564
20260625,2.9089,0.9789,1.93
20260626,2.8935,0.9617,1.9318
20260629,2.8977,0.9624,1.9352
20260630,2.8846,0.9485,1.9361
20260701,2.924,0.9585,1.9655
20260702,2.9583,0.9617,1.9965
20260703,2.9729,0.9851,1.9878
20260706,2.9736,0.961,2.0126
20260707,3.0246,0.9908,2.0338
20260708,3.1064,1.041,2.0654
20260709,3.1106,1.0175,2.0931
20260710,3.0742,1.0089,2.0653
20260713,3.0836,1.008,2.0756
20260714,3.1251,1.0305,2.0946
20260715,3.1273,1.0103,2.117
20260716,3.1443,1.0385,2.1058
20260717,3.1311,1.0285,2.1026
20260720,3.1367,0.9938,2.1428
20260721,3.1498,1.0379,2.1118
20260722,3.1687,1.0181,2.1506
20260723,3.1966,1.0318,2.1648
20260724,3.187,1.0321,2.155
20260727,3.1344,1.0279,2.1065
20260728,3.1132,1.0593,2.0539
20260729,3.1303,1.0502,2.0801
20260730,3.1835,1.0863,2.0972
20260731,3.1578,1.0609,2.0968
20260803,3.1463,1.0839,2.0624
20260804,3.1611,1.0916,2.0695
20260805,3.0958,1.0729,2.0229
20260806,3.1124,1.0948,2.0176
20260807,3.1454,1.1018,2.0436
20260810,3.1371,1.0515,2.0856
20260811,3.1968,1.0946,2.1022
20260812,3.155,1.069,2.086
20260813,3.1515,1.0568,2.0947
20260814,3.1598,1.057,2.1028
20260817,3.2029,1.0573,2.1457
20260818,3.2511,1.0381,2.213
20260819,3.2645,1.0617,2.2028
20260820,3.2587,1.0621,2.1966
20260821,3.2433,1.0363,2.2069
20260824,3.2424,1.0471,2.1952
20260825,3.2448,1.0566,2.1882
20260826,3.1982,1.0129,2.1853
20260827,3.2465,1.0383,2.2082
20260828,3.2671,1.0596,2.2075
20260831,3.3072,1.0755,2.2317
20260901,3.3597,1.1052,2.2545
20260902,3.3928,1.1266,2.2662
20260903,3.3578,1.1106,2.2471
20260904,3.3457,1.1065,2.2392
20260907,3.3521,1.0971,2.2551
